EXECUTORS|9|15|4|16910|16970|320.79s|2.47MB|172.31.11.124:41811|app-20190708182722-0145
EXECUTORS|8|15|4|19018|19955|377.67s|63.57MB|172.31.12.55:40881|app-20190708182722-0145
EXECUTORS|7|15|4|17489|17553|322.13s|5.20MB|172.31.13.231:38745|app-20190708182722-0145
EXECUTORS|6|15|4|16918|16978|325.05s|6.59MB|172.31.6.192:33783|app-20190708182722-0145
EXECUTORS|5|15|4|16690|16752|330.36s|7.71MB|172.31.11.83:34301|app-20190708182722-0145
EXECUTORS|4|15|4|17789|18081|369.14s|19.40MB|172.31.5.2:33431|app-20190708182722-0145
EXECUTORS|3|15|4|18649|19812|340.36s|65.88MB|172.31.2.20:39437|app-20190708182722-0145
EXECUTORS|2|15|4|17218|17256|328.79s|0.93MB|172.31.0.141:46563|app-20190708182722-0145
EXECUTORS|14|15|4|17683|17748|321.02s|1.76MB|172.31.8.10:42785|app-20190708182722-0145
EXECUTORS|13|15|4|16500|16561|370.14s|10.78MB|172.31.15.67:43159|app-20190708182722-0145
EXECUTORS|12|15|4|17824|17886|317.98s|1.66MB|172.31.4.16:42963|app-20190708182722-0145
EXECUTORS|11|15|4|18578|19611|334.98s|53.52MB|172.31.0.105:44481|app-20190708182722-0145
EXECUTORS|10|15|4|17199|17264|317.72s|3.54MB|172.31.11.178:39161|app-20190708182722-0145
EXECUTORS|1|15|4|18504|19493|336.05s|41.15MB|172.31.4.160:40169|app-20190708182722-0145
EXECUTORS|0|15|4|17093|17154|321.43s|3.10MB|172.31.5.79:39347|app-20190708182722-0145
STAGES|  39|count at MF.scala:177                |15|4|2019-07-08T18:30:49.027GMT|2019-07-08T18:36:48.210GMT|130005|1161184|745677392473|50747184|75637|0|0|app-20190708182722-0145
STAGES|  32|count at MF.scala:135                |15|4|2019-07-08T18:29:11.339GMT|2019-07-08T18:30:48.335GMT|130005|765600|175632334627|0|0|4141798|75637|app-20190708182722-0145
STAGES|  31|flatMapToPair at SpatialRDD.java:347 |15|4|2019-07-08T18:27:45.197GMT|2019-07-08T18:27:46.966GMT| 180|8278|5190668936|13246368|33304|0|0|app-20190708182722-0145
STAGES|  25|aggregate at SpatialRDD.java:515     |15|4|2019-07-08T18:27:43.912GMT|2019-07-08T18:27:44.866GMT| 180|4492|2754850925|0|0|6513050|47787|app-20190708182722-0145
STAGES|  19|count at MF.scala:124                |15|4|2019-07-08T18:27:43.324GMT|2019-07-08T18:27:43.893GMT| 180|2401|1613651086|0|0|6513050|47787|app-20190708182722-0145
STAGES|  18|distinct at MF.scala:123             |15|4|2019-07-08T18:27:39.988GMT|2019-07-08T18:27:43.320GMT| 180|16507|10850327387|0|0|10509982|145157|app-20190708182722-0145
STAGES|  17|map at MF.scala:110                  |15|4|2019-07-08T18:27:38.139GMT|2019-07-08T18:27:39.959GMT| 938|11922|7664489193|40930088|879|3455049|200551|app-20190708182722-0145
STAGES|  16|flatMapToPair at SpatialRDD.java:347 |15|4|2019-07-08T18:27:36.707GMT|2019-07-08T18:27:38.122GMT|1876|4763|3595857476|9705776|78036|0|0|app-20190708182722-0145
STAGES|  13|aggregate at SpatialRDD.java:515     |15|4|2019-07-08T18:27:34.219GMT|2019-07-08T18:27:36.635GMT|1876|23794|6652037593|59449990|1876|3544926|92602|app-20190708182722-0145
STAGES|  10|count at MF.scala:98                 |15|4|2019-07-08T18:27:31.878GMT|2019-07-08T18:27:34.100GMT|1876|17209|5430071779|58573076|1876|3544926|92602|app-20190708182722-0145
STAGES|   7|count at MF.scala:84                 |15|4|2019-07-08T18:27:29.111GMT|2019-07-08T18:27:31.699GMT| 938|32324|8620826669|0|0|3013813|78708|app-20190708182722-0145
STAGES|   6|flatMapToPair at SpatialRDD.java:347 |15|4|2019-07-08T18:27:28.281GMT|2019-07-08T18:27:28.982GMT| 120|2184|887177657|7521560|32407|0|0|app-20190708182722-0145
STAGES|   5|flatMapToPair at SpatialRDD.java:347 |15|4|2019-07-08T18:27:28.253GMT|2019-07-08T18:27:28.874GMT| 120|7773|2302420928|7521560|32407|0|0|app-20190708182722-0145
STAGES|   4|count at MF.scala:68                 |15|4|2019-07-08T18:27:27.968GMT|2019-07-08T18:27:28.163GMT| 120|282|82626698|7521560|32407|0|0|app-20190708182722-0145
STAGES|   3|aggregate at SpatialRDD.java:515     |15|4|2019-07-08T18:27:27.667GMT|2019-07-08T18:27:27.942GMT| 120|353|131230370|7521560|32407|0|0|app-20190708182722-0145
STAGES|   2|collect at SpatialRDD.java:248       |15|4|2019-07-08T18:27:27.186GMT|2019-07-08T18:27:27.429GMT| 120|545|212965553|7521560|32407|0|0|app-20190708182722-0145
STAGES|   1|count at MF.scala:399                |15|4|2019-07-08T18:27:26.903GMT|2019-07-08T18:27:27.151GMT| 120|458|218800215|7521560|32407|0|0|app-20190708182722-0145
STAGES|   0|aggregate at SpatialRDD.java:515     |15|4|2019-07-08T18:27:25.158GMT|2019-07-08T18:27:26.871GMT| 120|36400|9800934890|23422037|269011|0|0|app-20190708182722-0145
TASKS|  39|count at MF.scala:177                |209847|15|4|130005|237645|2019-07-08T18:32:50.565GMT|172.31.15.67|PROCESS_LOCAL |237549| 9367304|13223|app-20190708182722-0145
TASKS|  39|count at MF.scala:177                |212840|15|4|130005|184757|2019-07-08T18:32:55.804GMT|172.31.5.2|PROCESS_LOCAL |184664| 7617352|11441|app-20190708182722-0145
TASKS|  39|count at MF.scala:177                |214226|15|4|130005|151689|2019-07-08T18:32:58.469GMT|172.31.12.55|PROCESS_LOCAL |151598| 8393632|12114|app-20190708182722-0145
TASKS|  39|count at MF.scala:177                |212377|15|4|130005|49647|2019-07-08T18:32:54.934GMT|172.31.11.83|PROCESS_LOCAL |49550| 5296000| 8034|app-20190708182722-0145
TASKS|  39|count at MF.scala:177                |213681|15|4|130005|23616|2019-07-08T18:32:57.440GMT|172.31.12.55|PROCESS_LOCAL |23522| 2498000| 3622|app-20190708182722-0145
TASKS|  39|count at MF.scala:177                |212171|15|4|130005|20901|2019-07-08T18:32:54.585GMT|172.31.6.192|PROCESS_LOCAL |20805| 2649560| 4106|app-20190708182722-0145
TASKS|  39|count at MF.scala:177                |212966|15|4|130005| 2752|2019-07-08T18:32:56.055GMT|172.31.5.79|PROCESS_LOCAL | 2656| 1442056| 2364|app-20190708182722-0145
TASKS|  39|count at MF.scala:177                |210535|15|4|130005| 2650|2019-07-08T18:32:51.727GMT|172.31.11.178|PROCESS_LOCAL | 2557| 1837920| 3373|app-20190708182722-0145
TASKS|  39|count at MF.scala:177                |212453|15|4|130005| 2106|2019-07-08T18:32:55.075GMT|172.31.13.231|PROCESS_LOCAL | 1996| 1356176| 2379|app-20190708182722-0145
TASKS|  39|count at MF.scala:177                |212598|15|4|130005| 1850|2019-07-08T18:32:55.346GMT|172.31.6.192|PROCESS_LOCAL | 1753| 1251064| 2137|app-20190708182722-0145
TASKS|  39|count at MF.scala:177                |212224|15|4|130005| 1544|2019-07-08T18:32:54.685GMT|172.31.6.192|PROCESS_LOCAL | 1447| 1280072| 2264|app-20190708182722-0145
TASKS|  39|count at MF.scala:177                |212493|15|4|130005| 1422|2019-07-08T18:32:55.145GMT|172.31.13.231|PROCESS_LOCAL | 1327|  778120| 1385|app-20190708182722-0145
TASKS|  39|count at MF.scala:177                |212957|15|4|130005|  962|2019-07-08T18:32:56.045GMT|172.31.13.231|PROCESS_LOCAL |  865|  960136| 1722|app-20190708182722-0145
TASKS|  39|count at MF.scala:177                |213816|15|4|130005|  394|2019-07-08T18:32:57.685GMT|172.31.13.231|PROCESS_LOCAL |  298|  558800| 1053|app-20190708182722-0145
TASKS|  39|count at MF.scala:177                |211602|15|4|130005|  387|2019-07-08T18:32:53.595GMT|172.31.11.124|PROCESS_LOCAL |  291|  559312| 1042|app-20190708182722-0145
TASKS|  39|count at MF.scala:177                |211127|15|4|130005|  375|2019-07-08T18:32:52.752GMT|172.31.11.83|PROCESS_LOCAL |  277|  532520| 1027|app-20190708182722-0145
TASKS|  39|count at MF.scala:177                |234970|15|4|130005|  289|2019-07-08T18:33:36.713GMT|172.31.12.55|PROCESS_LOCAL |  189|      16|    0|app-20190708182722-0145
TASKS|  39|count at MF.scala:177                |234969|15|4|130005|  275|2019-07-08T18:33:36.711GMT|172.31.5.2|PROCESS_LOCAL |  179|      16|    0|app-20190708182722-0145
TASKS|  39|count at MF.scala:177                |234978|15|4|130005|  271|2019-07-08T18:33:36.731GMT|172.31.12.55|PROCESS_LOCAL |  172|      16|    0|app-20190708182722-0145
TASKS|  39|count at MF.scala:177                |234975|15|4|130005|  265|2019-07-08T18:33:36.726GMT|172.31.4.16|PROCESS_LOCAL |  172|      16|    0|app-20190708182722-0145
TASKS|  39|count at MF.scala:177                |234976|15|4|130005|  264|2019-07-08T18:33:36.726GMT|172.31.4.16|PROCESS_LOCAL |  171|      16|    0|app-20190708182722-0145
TASKS|  39|count at MF.scala:177                |234977|15|4|130005|  262|2019-07-08T18:33:36.727GMT|172.31.4.16|PROCESS_LOCAL |  169|      16|    0|app-20190708182722-0145
TASKS|  39|count at MF.scala:177                |234974|15|4|130005|  268|2019-07-08T18:33:36.722GMT|172.31.11.124|PROCESS_LOCAL |  169|      16|    0|app-20190708182722-0145
TASKS|  39|count at MF.scala:177                |234973|15|4|130005|  269|2019-07-08T18:33:36.721GMT|172.31.11.124|PROCESS_LOCAL |  169|      16|    0|app-20190708182722-0145
TASKS|  39|count at MF.scala:177                |234972|15|4|130005|  270|2019-07-08T18:33:36.721GMT|172.31.11.124|PROCESS_LOCAL |  169|      16|    0|app-20190708182722-0145
TASKS|  32|count at MF.scala:135                | 83057|15|4|130005|  371|2019-07-08T18:30:07.576GMT|172.31.6.192|PROCESS_LOCAL |  333|       0|    0|app-20190708182722-0145
TASKS|  32|count at MF.scala:135                | 83058|15|4|130005|  306|2019-07-08T18:30:07.577GMT|172.31.6.192|PROCESS_LOCAL |  269|       0|    0|app-20190708182722-0145
TASKS|  32|count at MF.scala:135                | 82651|15|4|130005|  308|2019-07-08T18:30:07.271GMT|172.31.15.67|PROCESS_LOCAL |  269|       0|    0|app-20190708182722-0145
TASKS|  32|count at MF.scala:135                |135142|15|4|130005|  253|2019-07-08T18:30:45.424GMT|172.31.11.83|PROCESS_LOCAL |  205|       0|    0|app-20190708182722-0145
TASKS|  32|count at MF.scala:135                |135145|15|4|130005|  249|2019-07-08T18:30:45.425GMT|172.31.11.124|PROCESS_LOCAL |  203|       0|    0|app-20190708182722-0145
TASKS|  32|count at MF.scala:135                |135143|15|4|130005|  251|2019-07-08T18:30:45.424GMT|172.31.11.124|PROCESS_LOCAL |  203|       0|    0|app-20190708182722-0145
TASKS|  32|count at MF.scala:135                |129209|15|4|130005|  251|2019-07-08T18:30:41.178GMT|172.31.4.16|PROCESS_LOCAL |  203|       0|    0|app-20190708182722-0145
TASKS|  32|count at MF.scala:135                |135144|15|4|130005|  250|2019-07-08T18:30:45.424GMT|172.31.11.83|PROCESS_LOCAL |  202|       0|    0|app-20190708182722-0145
TASKS|  32|count at MF.scala:135                |135147|15|4|130005|  249|2019-07-08T18:30:45.426GMT|172.31.11.83|PROCESS_LOCAL |  201|       0|    0|app-20190708182722-0145
TASKS|  32|count at MF.scala:135                |129212|15|4|130005|  248|2019-07-08T18:30:41.181GMT|172.31.4.16|PROCESS_LOCAL |  201|       0|    0|app-20190708182722-0145
TASKS|  32|count at MF.scala:135                |135129|15|4|130005|  248|2019-07-08T18:30:45.410GMT|172.31.2.20|PROCESS_LOCAL |  200|       0|    0|app-20190708182722-0145
TASKS|  32|count at MF.scala:135                |129210|15|4|130005|  246|2019-07-08T18:30:41.179GMT|172.31.0.141|PROCESS_LOCAL |  200|       0|    0|app-20190708182722-0145
TASKS|  32|count at MF.scala:135                |135153|15|4|130005|  247|2019-07-08T18:30:45.430GMT|172.31.0.141|PROCESS_LOCAL |  199|       0|    0|app-20190708182722-0145
TASKS|  32|count at MF.scala:135                |135152|15|4|130005|  244|2019-07-08T18:30:45.429GMT|172.31.0.141|PROCESS_LOCAL |  199|       0|    0|app-20190708182722-0145
TASKS|  32|count at MF.scala:135                |135148|15|4|130005|  246|2019-07-08T18:30:45.427GMT|172.31.11.124|PROCESS_LOCAL |  199|       0|    0|app-20190708182722-0145
TASKS|  32|count at MF.scala:135                |135156|15|4|130005|  243|2019-07-08T18:30:45.432GMT|172.31.0.141|PROCESS_LOCAL |  198|       0|    0|app-20190708182722-0145
TASKS|  32|count at MF.scala:135                |129204|15|4|130005|  246|2019-07-08T18:30:41.174GMT|172.31.2.20|PROCESS_LOCAL |  198|       0|    0|app-20190708182722-0145
TASKS|  32|count at MF.scala:135                |135140|15|4|130005|  235|2019-07-08T18:30:45.418GMT|172.31.13.231|PROCESS_LOCAL |  197|       0|    0|app-20190708182722-0145
TASKS|  32|count at MF.scala:135                |129218|15|4|130005|  244|2019-07-08T18:30:41.186GMT|172.31.4.16|PROCESS_LOCAL |  197|       0|    0|app-20190708182722-0145
TASKS|  32|count at MF.scala:135                |123329|15|4|130005|  242|2019-07-08T18:30:36.964GMT|172.31.5.79|PROCESS_LOCAL |  197|       0|    0|app-20190708182722-0145
TASKS|  32|count at MF.scala:135                |123328|15|4|130005|  245|2019-07-08T18:30:36.964GMT|172.31.5.79|PROCESS_LOCAL |  197|       0|    0|app-20190708182722-0145
TASKS|  32|count at MF.scala:135                |129205|15|4|130005|  234|2019-07-08T18:30:41.176GMT|172.31.5.2|PROCESS_LOCAL |  196|       0|    0|app-20190708182722-0145
TASKS|  32|count at MF.scala:135                |129200|15|4|130005|  232|2019-07-08T18:30:41.171GMT|172.31.12.55|PROCESS_LOCAL |  196|       0|    0|app-20190708182722-0145
TASKS|  32|count at MF.scala:135                |123330|15|4|130005|  242|2019-07-08T18:30:36.965GMT|172.31.5.79|PROCESS_LOCAL |  196|       0|    0|app-20190708182722-0145
TASKS|  32|count at MF.scala:135                |123307|15|4|130005|  252|2019-07-08T18:30:36.948GMT|172.31.2.20|PROCESS_LOCAL |  196|       0|    0|app-20190708182722-0145
TASKS|  31|flatMapToPair at SpatialRDD.java:347 |  8901|15|4|  180|  620|2019-07-08T18:27:45.344GMT|172.31.11.83|PROCESS_LOCAL |  323|      16|    0|app-20190708182722-0145
TASKS|  31|flatMapToPair at SpatialRDD.java:347 |  8897|15|4|  180|  581|2019-07-08T18:27:45.343GMT|172.31.6.192|PROCESS_LOCAL |  276|      16|    0|app-20190708182722-0145
TASKS|  31|flatMapToPair at SpatialRDD.java:347 |  8942|15|4|  180|  578|2019-07-08T18:27:45.350GMT|172.31.6.192|PROCESS_LOCAL |  210|      16|    0|app-20190708182722-0145
TASKS|  31|flatMapToPair at SpatialRDD.java:347 |  8911|15|4|  180|  223|2019-07-08T18:27:45.345GMT|172.31.12.55|PROCESS_LOCAL |  137|      16|    0|app-20190708182722-0145
TASKS|  31|flatMapToPair at SpatialRDD.java:347 |  8896|15|4|  180|  224|2019-07-08T18:27:45.343GMT|172.31.12.55|PROCESS_LOCAL |  134|      16|    0|app-20190708182722-0145
TASKS|  31|flatMapToPair at SpatialRDD.java:347 |  8933|15|4|  180|  217|2019-07-08T18:27:45.349GMT|172.31.2.20|PROCESS_LOCAL |  129|  159768|  421|app-20190708182722-0145
TASKS|  31|flatMapToPair at SpatialRDD.java:347 |  8902|15|4|  180|  296|2019-07-08T18:27:45.344GMT|172.31.13.231|PROCESS_LOCAL |  122|      16|    0|app-20190708182722-0145
TASKS|  31|flatMapToPair at SpatialRDD.java:347 |  8938|15|4|  180|  263|2019-07-08T18:27:45.350GMT|172.31.4.16|PROCESS_LOCAL |  115|      16|    0|app-20190708182722-0145
TASKS|  31|flatMapToPair at SpatialRDD.java:347 |  8887|15|4|  180|  260|2019-07-08T18:27:45.341GMT|172.31.13.231|PROCESS_LOCAL |  114|      16|    0|app-20190708182722-0145
TASKS|  31|flatMapToPair at SpatialRDD.java:347 |  8918|15|4|  180|  203|2019-07-08T18:27:45.347GMT|172.31.2.20|PROCESS_LOCAL |  113|  144968|  370|app-20190708182722-0145
TASKS|  31|flatMapToPair at SpatialRDD.java:347 |  8888|15|4|  180|  210|2019-07-08T18:27:45.341GMT|172.31.2.20|PROCESS_LOCAL |  113|  135984|  345|app-20190708182722-0145
TASKS|  31|flatMapToPair at SpatialRDD.java:347 |  8885|15|4|  180|  350|2019-07-08T18:27:45.341GMT|172.31.0.141|PROCESS_LOCAL |  113|      16|    0|app-20190708182722-0145
TASKS|  31|flatMapToPair at SpatialRDD.java:347 |  8943|15|4|  180|  204|2019-07-08T18:27:45.350GMT|172.31.4.160|PROCESS_LOCAL |  111|      16|    0|app-20190708182722-0145
TASKS|  31|flatMapToPair at SpatialRDD.java:347 |  8932|15|4|  180|  249|2019-07-08T18:27:45.349GMT|172.31.13.231|PROCESS_LOCAL |  111|      16|    0|app-20190708182722-0145
TASKS|  31|flatMapToPair at SpatialRDD.java:347 |  8913|15|4|  180|  208|2019-07-08T18:27:45.346GMT|172.31.4.160|PROCESS_LOCAL |  111|      16|    0|app-20190708182722-0145
TASKS|  31|flatMapToPair at SpatialRDD.java:347 |  8923|15|4|  180|  266|2019-07-08T18:27:45.347GMT|172.31.4.16|PROCESS_LOCAL |  110|      16|    0|app-20190708182722-0145
TASKS|  31|flatMapToPair at SpatialRDD.java:347 |  8903|15|4|  180|  204|2019-07-08T18:27:45.344GMT|172.31.2.20|PROCESS_LOCAL |  110|  147560|  374|app-20190708182722-0145
TASKS|  31|flatMapToPair at SpatialRDD.java:347 |  8893|15|4|  180|  273|2019-07-08T18:27:45.342GMT|172.31.4.16|PROCESS_LOCAL |  108|      16|    0|app-20190708182722-0145
TASKS|  31|flatMapToPair at SpatialRDD.java:347 |  8904|15|4|  180|  616|2019-07-08T18:27:45.344GMT|172.31.11.178|PROCESS_LOCAL |  106|      16|    0|app-20190708182722-0145
TASKS|  31|flatMapToPair at SpatialRDD.java:347 |  8916|15|4|  180|  618|2019-07-08T18:27:45.346GMT|172.31.11.83|PROCESS_LOCAL |  105|      16|    0|app-20190708182722-0145
TASKS|  31|flatMapToPair at SpatialRDD.java:347 |  8906|15|4|  180|  204|2019-07-08T18:27:45.345GMT|172.31.0.105|PROCESS_LOCAL |  105|      16|    0|app-20190708182722-0145
TASKS|  31|flatMapToPair at SpatialRDD.java:347 |  8934|15|4|  180|  612|2019-07-08T18:27:45.349GMT|172.31.11.178|PROCESS_LOCAL |  104|      16|    0|app-20190708182722-0145
TASKS|  31|flatMapToPair at SpatialRDD.java:347 |  8900|15|4|  180|  321|2019-07-08T18:27:45.344GMT|172.31.0.141|PROCESS_LOCAL |  102|      16|    0|app-20190708182722-0145
TASKS|  31|flatMapToPair at SpatialRDD.java:347 |  8935|15|4|  180|  486|2019-07-08T18:27:45.349GMT|172.31.11.124|PROCESS_LOCAL |   99|      16|    0|app-20190708182722-0145
TASKS|  31|flatMapToPair at SpatialRDD.java:347 |  8889|15|4|  180|  619|2019-07-08T18:27:45.342GMT|172.31.11.178|PROCESS_LOCAL |   99|      16|    0|app-20190708182722-0145
TASKS|  25|aggregate at SpatialRDD.java:515     |  8875|15|4|  180|   65|2019-07-08T18:27:44.734GMT|172.31.2.20|NODE_LOCAL    |   62|       0|    0|app-20190708182722-0145
TASKS|  25|aggregate at SpatialRDD.java:515     |  8876|15|4|  180|   63|2019-07-08T18:27:44.737GMT|172.31.2.20|NODE_LOCAL    |   61|       0|    0|app-20190708182722-0145
TASKS|  25|aggregate at SpatialRDD.java:515     |  8874|15|4|  180|   65|2019-07-08T18:27:44.733GMT|172.31.2.20|NODE_LOCAL    |   61|       0|    0|app-20190708182722-0145
TASKS|  25|aggregate at SpatialRDD.java:515     |  8848|15|4|  180|   60|2019-07-08T18:27:44.484GMT|172.31.2.20|NODE_LOCAL    |   54|       0|    0|app-20190708182722-0145
TASKS|  25|aggregate at SpatialRDD.java:515     |  8826|15|4|  180|   62|2019-07-08T18:27:44.260GMT|172.31.2.20|NODE_LOCAL    |   54|       0|    0|app-20190708182722-0145
TASKS|  25|aggregate at SpatialRDD.java:515     |  8820|15|4|  180|   54|2019-07-08T18:27:44.206GMT|172.31.2.20|NODE_LOCAL    |   51|       0|    0|app-20190708182722-0145
TASKS|  25|aggregate at SpatialRDD.java:515     |  8877|15|4|  180|   56|2019-07-08T18:27:44.753GMT|172.31.2.20|NODE_LOCAL    |   50|       0|    0|app-20190708182722-0145
TASKS|  25|aggregate at SpatialRDD.java:515     |  8704|15|4|  180|   77|2019-07-08T18:27:43.918GMT|172.31.2.20|NODE_LOCAL    |   48|       0|    0|app-20190708182722-0145
TASKS|  25|aggregate at SpatialRDD.java:515     |  8829|15|4|  180|   52|2019-07-08T18:27:44.290GMT|172.31.2.20|NODE_LOCAL    |   47|       0|    0|app-20190708182722-0145
TASKS|  25|aggregate at SpatialRDD.java:515     |  8803|15|4|  180|   50|2019-07-08T18:27:44.033GMT|172.31.2.20|NODE_LOCAL    |   47|       0|    0|app-20190708182722-0145
TASKS|  25|aggregate at SpatialRDD.java:515     |  8805|15|4|  180|   55|2019-07-08T18:27:44.041GMT|172.31.2.20|NODE_LOCAL    |   46|       0|    0|app-20190708182722-0145
TASKS|  25|aggregate at SpatialRDD.java:515     |  8818|15|4|  180|   52|2019-07-08T18:27:44.172GMT|172.31.2.20|NODE_LOCAL    |   45|       0|    0|app-20190708182722-0145
TASKS|  25|aggregate at SpatialRDD.java:515     |  8800|15|4|  180|   48|2019-07-08T18:27:43.993GMT|172.31.2.20|NODE_LOCAL    |   45|       0|    0|app-20190708182722-0145
TASKS|  25|aggregate at SpatialRDD.java:515     |  8799|15|4|  180|   48|2019-07-08T18:27:43.990GMT|172.31.2.20|NODE_LOCAL    |   45|       0|    0|app-20190708182722-0145
TASKS|  25|aggregate at SpatialRDD.java:515     |  8706|15|4|  180|   77|2019-07-08T18:27:43.918GMT|172.31.2.20|NODE_LOCAL    |   45|       0|    0|app-20190708182722-0145
TASKS|  25|aggregate at SpatialRDD.java:515     |  8870|15|4|  180|   49|2019-07-08T18:27:44.684GMT|172.31.2.20|NODE_LOCAL    |   44|       0|    0|app-20190708182722-0145
TASKS|  25|aggregate at SpatialRDD.java:515     |  8851|15|4|  180|   47|2019-07-08T18:27:44.515GMT|172.31.2.20|NODE_LOCAL    |   44|       0|    0|app-20190708182722-0145
TASKS|  25|aggregate at SpatialRDD.java:515     |  8842|15|4|  180|   46|2019-07-08T18:27:44.425GMT|172.31.2.20|NODE_LOCAL    |   43|       0|    0|app-20190708182722-0145
TASKS|  25|aggregate at SpatialRDD.java:515     |  8849|15|4|  180|   46|2019-07-08T18:27:44.491GMT|172.31.2.20|NODE_LOCAL    |   42|       0|    0|app-20190708182722-0145
TASKS|  25|aggregate at SpatialRDD.java:515     |  8843|15|4|  180|   57|2019-07-08T18:27:44.428GMT|172.31.2.20|NODE_LOCAL    |   42|       0|    0|app-20190708182722-0145
TASKS|  25|aggregate at SpatialRDD.java:515     |  8817|15|4|  180|   47|2019-07-08T18:27:44.160GMT|172.31.2.20|NODE_LOCAL    |   42|       0|    0|app-20190708182722-0145
TASKS|  25|aggregate at SpatialRDD.java:515     |  8816|15|4|  180|   47|2019-07-08T18:27:44.160GMT|172.31.2.20|NODE_LOCAL    |   42|       0|    0|app-20190708182722-0145
TASKS|  25|aggregate at SpatialRDD.java:515     |  8809|15|4|  180|   46|2019-07-08T18:27:44.096GMT|172.31.2.20|NODE_LOCAL    |   41|       0|    0|app-20190708182722-0145
TASKS|  25|aggregate at SpatialRDD.java:515     |  8867|15|4|  180|   42|2019-07-08T18:27:44.657GMT|172.31.2.20|NODE_LOCAL    |   40|       0|    0|app-20190708182722-0145
TASKS|  25|aggregate at SpatialRDD.java:515     |  8833|15|4|  180|   47|2019-07-08T18:27:44.341GMT|172.31.2.20|NODE_LOCAL    |   40|       0|    0|app-20190708182722-0145
TASKS|  19|count at MF.scala:124                |  8525|15|4|  180|   71|2019-07-08T18:27:43.333GMT|172.31.2.20|NODE_LOCAL    |   40|       0|    0|app-20190708182722-0145
TASKS|  19|count at MF.scala:124                |  8624|15|4|  180|   43|2019-07-08T18:27:43.432GMT|172.31.2.20|NODE_LOCAL    |   36|       0|    0|app-20190708182722-0145
TASKS|  19|count at MF.scala:124                |  8633|15|4|  180|   38|2019-07-08T18:27:43.501GMT|172.31.2.20|NODE_LOCAL    |   35|       0|    0|app-20190708182722-0145
TASKS|  19|count at MF.scala:124                |  8526|15|4|  180|   72|2019-07-08T18:27:43.333GMT|172.31.2.20|NODE_LOCAL    |   35|       0|    0|app-20190708182722-0145
TASKS|  19|count at MF.scala:124                |  8631|15|4|  180|   45|2019-07-08T18:27:43.474GMT|172.31.2.20|NODE_LOCAL    |   33|       0|    0|app-20190708182722-0145
TASKS|  19|count at MF.scala:124                |  8689|15|4|  180|   35|2019-07-08T18:27:43.800GMT|172.31.2.20|NODE_LOCAL    |   32|       0|    0|app-20190708182722-0145
TASKS|  19|count at MF.scala:124                |  8639|15|4|  180|   35|2019-07-08T18:27:43.537GMT|172.31.2.20|NODE_LOCAL    |   32|       0|    0|app-20190708182722-0145
TASKS|  19|count at MF.scala:124                |  8623|15|4|  180|   35|2019-07-08T18:27:43.405GMT|172.31.2.20|NODE_LOCAL    |   32|       0|    0|app-20190708182722-0145
TASKS|  19|count at MF.scala:124                |  8691|15|4|  180|   34|2019-07-08T18:27:43.802GMT|172.31.2.20|NODE_LOCAL    |   30|       0|    0|app-20190708182722-0145
TASKS|  19|count at MF.scala:124                |  8621|15|4|  180|   33|2019-07-08T18:27:43.404GMT|172.31.2.20|NODE_LOCAL    |   30|       0|    0|app-20190708182722-0145
TASKS|  19|count at MF.scala:124                |  8620|15|4|  180|   35|2019-07-08T18:27:43.403GMT|172.31.2.20|NODE_LOCAL    |   28|       0|    0|app-20190708182722-0145
TASKS|  19|count at MF.scala:124                |  8634|15|4|  180|   30|2019-07-08T18:27:43.503GMT|172.31.2.20|NODE_LOCAL    |   27|       0|    0|app-20190708182722-0145
TASKS|  19|count at MF.scala:124                |  8666|15|4|  180|   30|2019-07-08T18:27:43.676GMT|172.31.2.20|NODE_LOCAL    |   26|       0|    0|app-20190708182722-0145
TASKS|  19|count at MF.scala:124                |  8640|15|4|  180|   30|2019-07-08T18:27:43.539GMT|172.31.2.20|NODE_LOCAL    |   26|       0|    0|app-20190708182722-0145
TASKS|  19|count at MF.scala:124                |  8630|15|4|  180|   30|2019-07-08T18:27:43.471GMT|172.31.2.20|NODE_LOCAL    |   26|       0|    0|app-20190708182722-0145
TASKS|  19|count at MF.scala:124                |  8638|15|4|  180|   36|2019-07-08T18:27:43.533GMT|172.31.2.20|NODE_LOCAL    |   25|       0|    0|app-20190708182722-0145
TASKS|  19|count at MF.scala:124                |  8627|15|4|  180|   29|2019-07-08T18:27:43.440GMT|172.31.2.20|NODE_LOCAL    |   25|       0|    0|app-20190708182722-0145
TASKS|  19|count at MF.scala:124                |  8625|15|4|  180|   32|2019-07-08T18:27:43.437GMT|172.31.2.20|NODE_LOCAL    |   25|       0|    0|app-20190708182722-0145
TASKS|  19|count at MF.scala:124                |  8681|15|4|  180|   28|2019-07-08T18:27:43.753GMT|172.31.2.20|NODE_LOCAL    |   24|       0|    0|app-20190708182722-0145
TASKS|  19|count at MF.scala:124                |  8685|15|4|  180|   26|2019-07-08T18:27:43.781GMT|172.31.2.20|NODE_LOCAL    |   23|       0|    0|app-20190708182722-0145
TASKS|  19|count at MF.scala:124                |  8527|15|4|  180|   51|2019-07-08T18:27:43.333GMT|172.31.2.20|NODE_LOCAL    |   23|       0|    0|app-20190708182722-0145
TASKS|  19|count at MF.scala:124                |  8524|15|4|  180|   52|2019-07-08T18:27:43.332GMT|172.31.2.20|NODE_LOCAL    |   23|       0|    0|app-20190708182722-0145
TASKS|  19|count at MF.scala:124                |  8628|15|4|  180|   34|2019-07-08T18:27:43.469GMT|172.31.2.20|NODE_LOCAL    |   22|       0|    0|app-20190708182722-0145
TASKS|  19|count at MF.scala:124                |  8626|15|4|  180|   34|2019-07-08T18:27:43.438GMT|172.31.2.20|NODE_LOCAL    |   22|       0|    0|app-20190708182722-0145
TASKS|  19|count at MF.scala:124                |  8541|15|4|  180|   54|2019-07-08T18:27:43.335GMT|172.31.11.178|PROCESS_LOCAL |   22|       0|    0|app-20190708182722-0145
TASKS|  18|distinct at MF.scala:123             |  8346|15|4|  180|  326|2019-07-08T18:27:39.998GMT|172.31.2.20|NODE_LOCAL    |  287|       0|    0|app-20190708182722-0145
TASKS|  18|distinct at MF.scala:123             |  8344|15|4|  180|  327|2019-07-08T18:27:39.997GMT|172.31.2.20|NODE_LOCAL    |  286|       0|    0|app-20190708182722-0145
TASKS|  18|distinct at MF.scala:123             |  8345|15|4|  180|  328|2019-07-08T18:27:39.997GMT|172.31.2.20|NODE_LOCAL    |  281|       0|    0|app-20190708182722-0145
TASKS|  18|distinct at MF.scala:123             |  8439|15|4|  180|  240|2019-07-08T18:27:40.323GMT|172.31.2.20|NODE_LOCAL    |  237|       0|    0|app-20190708182722-0145
TASKS|  18|distinct at MF.scala:123             |  8441|15|4|  180|  243|2019-07-08T18:27:40.324GMT|172.31.2.20|NODE_LOCAL    |  229|       0|    0|app-20190708182722-0145
TASKS|  18|distinct at MF.scala:123             |  8347|15|4|  180|  264|2019-07-08T18:27:39.998GMT|172.31.2.20|NODE_LOCAL    |  225|       0|    0|app-20190708182722-0145
TASKS|  18|distinct at MF.scala:123             |  8450|15|4|  180|  223|2019-07-08T18:27:40.747GMT|172.31.2.20|NODE_LOCAL    |  210|       0|    0|app-20190708182722-0145
TASKS|  18|distinct at MF.scala:123             |  8442|15|4|  180|  189|2019-07-08T18:27:40.403GMT|172.31.2.20|NODE_LOCAL    |  186|       0|    0|app-20190708182722-0145
TASKS|  18|distinct at MF.scala:123             |  8444|15|4|  180|  184|2019-07-08T18:27:40.563GMT|172.31.2.20|NODE_LOCAL    |  179|       0|    0|app-20190708182722-0145
TASKS|  18|distinct at MF.scala:123             |  8452|15|4|  180|  175|2019-07-08T18:27:40.869GMT|172.31.2.20|NODE_LOCAL    |  172|       0|    0|app-20190708182722-0145
TASKS|  18|distinct at MF.scala:123             |  8454|15|4|  180|  183|2019-07-08T18:27:40.925GMT|172.31.2.20|NODE_LOCAL    |  169|       0|    0|app-20190708182722-0145
TASKS|  18|distinct at MF.scala:123             |  8443|15|4|  180|  170|2019-07-08T18:27:40.459GMT|172.31.2.20|NODE_LOCAL    |  167|       0|    0|app-20190708182722-0145
TASKS|  18|distinct at MF.scala:123             |  8517|15|4|  180|  169|2019-07-08T18:27:42.988GMT|172.31.2.20|NODE_LOCAL    |  165|       0|    0|app-20190708182722-0145
TASKS|  18|distinct at MF.scala:123             |  8459|15|4|  180|  170|2019-07-08T18:27:41.107GMT|172.31.2.20|NODE_LOCAL    |  164|       0|    0|app-20190708182722-0145
TASKS|  18|distinct at MF.scala:123             |  8445|15|4|  180|  169|2019-07-08T18:27:40.567GMT|172.31.2.20|NODE_LOCAL    |  157|       0|    0|app-20190708182722-0145
TASKS|  18|distinct at MF.scala:123             |  8466|15|4|  180|  160|2019-07-08T18:27:41.341GMT|172.31.2.20|NODE_LOCAL    |  156|       0|    0|app-20190708182722-0145
TASKS|  18|distinct at MF.scala:123             |  8474|15|4|  180|  158|2019-07-08T18:27:41.639GMT|172.31.2.20|NODE_LOCAL    |  155|       0|    0|app-20190708182722-0145
TASKS|  18|distinct at MF.scala:123             |  8469|15|4|  180|  157|2019-07-08T18:27:41.438GMT|172.31.2.20|NODE_LOCAL    |  154|       0|    0|app-20190708182722-0145
TASKS|  18|distinct at MF.scala:123             |  8494|15|4|  180|  155|2019-07-08T18:27:42.242GMT|172.31.2.20|NODE_LOCAL    |  151|       0|    0|app-20190708182722-0145
TASKS|  18|distinct at MF.scala:123             |  8457|15|4|  180|  154|2019-07-08T18:27:41.044GMT|172.31.2.20|NODE_LOCAL    |  151|       0|    0|app-20190708182722-0145
TASKS|  18|distinct at MF.scala:123             |  8491|15|4|  180|  154|2019-07-08T18:27:42.181GMT|172.31.2.20|NODE_LOCAL    |  150|       0|    0|app-20190708182722-0145
TASKS|  18|distinct at MF.scala:123             |  8473|15|4|  180|  152|2019-07-08T18:27:41.595GMT|172.31.2.20|NODE_LOCAL    |  148|       0|    0|app-20190708182722-0145
TASKS|  18|distinct at MF.scala:123             |  8521|15|4|  180|  151|2019-07-08T18:27:43.156GMT|172.31.2.20|NODE_LOCAL    |  147|       0|    0|app-20190708182722-0145
TASKS|  18|distinct at MF.scala:123             |  8514|15|4|  180|  147|2019-07-08T18:27:42.923GMT|172.31.2.20|NODE_LOCAL    |  145|       0|    0|app-20190708182722-0145
TASKS|  18|distinct at MF.scala:123             |  8447|15|4|  180|  151|2019-07-08T18:27:40.629GMT|172.31.2.20|NODE_LOCAL    |  145|       0|    0|app-20190708182722-0145
TASKS|  17|map at MF.scala:110                  |  8215|15|4|  938|  237|2019-07-08T18:27:39.043GMT|172.31.2.20|PROCESS_LOCAL |  223|   43208|    1|app-20190708182722-0145
TASKS|  17|map at MF.scala:110                  |  8167|15|4|  938|  203|2019-07-08T18:27:38.989GMT|172.31.2.20|PROCESS_LOCAL |  192|   31192|    1|app-20190708182722-0145
TASKS|  17|map at MF.scala:110                  |  8317|15|4|  938|  193|2019-07-08T18:27:39.476GMT|172.31.2.20|PROCESS_LOCAL |  180|   34640|    1|app-20190708182722-0145
TASKS|  17|map at MF.scala:110                  |  8314|15|4|  938|  175|2019-07-08T18:27:39.400GMT|172.31.2.20|PROCESS_LOCAL |  169|   59064|    1|app-20190708182722-0145
TASKS|  17|map at MF.scala:110                  |  8289|15|4|  938|  173|2019-07-08T18:27:39.125GMT|172.31.2.20|PROCESS_LOCAL |  162|   15496|    1|app-20190708182722-0145
TASKS|  17|map at MF.scala:110                  |  8318|15|4|  938|  162|2019-07-08T18:27:39.505GMT|172.31.2.20|PROCESS_LOCAL |  156|   42248|    1|app-20190708182722-0145
TASKS|  17|map at MF.scala:110                  |  8316|15|4|  938|  165|2019-07-08T18:27:39.458GMT|172.31.2.20|PROCESS_LOCAL |  151|   38960|    1|app-20190708182722-0145
TASKS|  17|map at MF.scala:110                  |  8307|15|4|  938|  136|2019-07-08T18:27:39.226GMT|172.31.2.20|PROCESS_LOCAL |  130|   24064|    1|app-20190708182722-0145
TASKS|  17|map at MF.scala:110                  |  8168|15|4|  938|  136|2019-07-08T18:27:38.990GMT|172.31.2.20|PROCESS_LOCAL |  130|   67104|    1|app-20190708182722-0145
TASKS|  17|map at MF.scala:110                  |  8239|15|4|  938|  129|2019-07-08T18:27:39.065GMT|172.31.2.20|PROCESS_LOCAL |  124|   20888|    1|app-20190708182722-0145
TASKS|  17|map at MF.scala:110                  |  8305|15|4|  938|  117|2019-07-08T18:27:39.192GMT|172.31.2.20|PROCESS_LOCAL |  113|   14416|    1|app-20190708182722-0145
TASKS|  17|map at MF.scala:110                  |  8320|15|4|  938|  102|2019-07-08T18:27:39.623GMT|172.31.2.20|PROCESS_LOCAL |   97|   19160|    1|app-20190708182722-0145
TASKS|  17|map at MF.scala:110                  |  8335|15|4|  938|   97|2019-07-08T18:27:39.785GMT|172.31.2.20|PROCESS_LOCAL |   92|   85800|    1|app-20190708182722-0145
TASKS|  17|map at MF.scala:110                  |  7409|15|4|  938|  112|2019-07-08T18:27:38.154GMT|172.31.4.160|PROCESS_LOCAL |   91|   78096|    1|app-20190708182722-0145
TASKS|  17|map at MF.scala:110                  |  8309|15|4|  938|  104|2019-07-08T18:27:39.298GMT|172.31.2.20|PROCESS_LOCAL |   90|   10728|    1|app-20190708182722-0145
TASKS|  17|map at MF.scala:110                  |  7416|15|4|  938|  109|2019-07-08T18:27:38.154GMT|172.31.5.2|PROCESS_LOCAL |   87|   74368|    1|app-20190708182722-0145
TASKS|  17|map at MF.scala:110                  |  8315|15|4|  938|  103|2019-07-08T18:27:39.402GMT|172.31.2.20|PROCESS_LOCAL |   86|    8752|    1|app-20190708182722-0145
TASKS|  17|map at MF.scala:110                  |  7411|15|4|  938|  108|2019-07-08T18:27:38.154GMT|172.31.5.2|PROCESS_LOCAL |   85|   15816|    1|app-20190708182722-0145
TASKS|  17|map at MF.scala:110                  |  8312|15|4|  938|   93|2019-07-08T18:27:39.365GMT|172.31.2.20|PROCESS_LOCAL |   84|   29008|    1|app-20190708182722-0145
TASKS|  17|map at MF.scala:110                  |  8310|15|4|  938|   91|2019-07-08T18:27:39.309GMT|172.31.2.20|PROCESS_LOCAL |   83|   12408|    1|app-20190708182722-0145
TASKS|  17|map at MF.scala:110                  |  7407|15|4|  938|  105|2019-07-08T18:27:38.153GMT|172.31.12.55|PROCESS_LOCAL |   83|   62960|    1|app-20190708182722-0145
TASKS|  17|map at MF.scala:110                  |  7417|15|4|  938|  103|2019-07-08T18:27:38.154GMT|172.31.12.55|PROCESS_LOCAL |   82|   54120|    1|app-20190708182722-0145
TASKS|  17|map at MF.scala:110                  |  8308|15|4|  938|   85|2019-07-08T18:27:39.280GMT|172.31.2.20|PROCESS_LOCAL |   81|   22296|    1|app-20190708182722-0145
TASKS|  17|map at MF.scala:110                  |  7422|15|4|  938|  101|2019-07-08T18:27:38.155GMT|172.31.12.55|PROCESS_LOCAL |   80|     144|    1|app-20190708182722-0145
TASKS|  17|map at MF.scala:110                  |  7412|15|4|  938|  102|2019-07-08T18:27:38.154GMT|172.31.12.55|PROCESS_LOCAL |   80|   21536|    1|app-20190708182722-0145
TASKS|  16|flatMapToPair at SpatialRDD.java:347 |  5741|15|4| 1876|  114|2019-07-08T18:27:36.930GMT|172.31.5.2|PROCESS_LOCAL |  100|     568|    3|app-20190708182722-0145
TASKS|  16|flatMapToPair at SpatialRDD.java:347 |  5737|15|4| 1876|  106|2019-07-08T18:27:36.928GMT|172.31.5.2|PROCESS_LOCAL |   96|    7384|   58|app-20190708182722-0145
TASKS|  16|flatMapToPair at SpatialRDD.java:347 |  5739|15|4| 1876|  103|2019-07-08T18:27:36.929GMT|172.31.5.2|PROCESS_LOCAL |   91|    1064|    7|app-20190708182722-0145
TASKS|  16|flatMapToPair at SpatialRDD.java:347 |  6466|15|4| 1876|   35|2019-07-08T18:27:37.404GMT|172.31.2.20|PROCESS_LOCAL |   23|   99512|  829|app-20190708182722-0145
TASKS|  16|flatMapToPair at SpatialRDD.java:347 |  6072|15|4| 1876|   29|2019-07-08T18:27:37.145GMT|172.31.2.20|PROCESS_LOCAL |   22|    2552|   19|app-20190708182722-0145
TASKS|  16|flatMapToPair at SpatialRDD.java:347 |  5542|15|4| 1876|   88|2019-07-08T18:27:36.738GMT|172.31.2.20|PROCESS_LOCAL |   17|    5152|   40|app-20190708182722-0145
TASKS|  16|flatMapToPair at SpatialRDD.java:347 |  6017|15|4| 1876|   24|2019-07-08T18:27:37.111GMT|172.31.0.105|PROCESS_LOCAL |   14|     936|    6|app-20190708182722-0145
TASKS|  16|flatMapToPair at SpatialRDD.java:347 |  6465|15|4| 1876|   18|2019-07-08T18:27:37.403GMT|172.31.2.20|PROCESS_LOCAL |   13|  124480| 1071|app-20190708182722-0145
TASKS|  16|flatMapToPair at SpatialRDD.java:347 |  5693|15|4| 1876|   31|2019-07-08T18:27:36.899GMT|172.31.5.2|PROCESS_LOCAL |   13|    2056|   15|app-20190708182722-0145
TASKS|  16|flatMapToPair at SpatialRDD.java:347 |  5535|15|4| 1876|   87|2019-07-08T18:27:36.737GMT|172.31.5.2|PROCESS_LOCAL |   13|    2056|   15|app-20190708182722-0145
TASKS|  16|flatMapToPair at SpatialRDD.java:347 |  6464|15|4| 1876|   26|2019-07-08T18:27:37.403GMT|172.31.2.20|PROCESS_LOCAL |   12|  236144| 1987|app-20190708182722-0145
TASKS|  16|flatMapToPair at SpatialRDD.java:347 |  5965|15|4| 1876|   18|2019-07-08T18:27:37.081GMT|172.31.12.55|PROCESS_LOCAL |   12|    3416|   26|app-20190708182722-0145
TASKS|  16|flatMapToPair at SpatialRDD.java:347 |  5532|15|4| 1876|   82|2019-07-08T18:27:36.736GMT|172.31.2.20|PROCESS_LOCAL |   12|    1560|   11|app-20190708182722-0145
TASKS|  16|flatMapToPair at SpatialRDD.java:347 |  6635|15|4| 1876|   28|2019-07-08T18:27:37.515GMT|172.31.0.105|PROCESS_LOCAL |   11|     816|    5|app-20190708182722-0145
TASKS|  16|flatMapToPair at SpatialRDD.java:347 |  6554|15|4| 1876|   16|2019-07-08T18:27:37.462GMT|172.31.2.20|PROCESS_LOCAL |   11|  260720| 2132|app-20190708182722-0145
TASKS|  16|flatMapToPair at SpatialRDD.java:347 |  5960|15|4| 1876|   17|2019-07-08T18:27:37.079GMT|172.31.2.20|PROCESS_LOCAL |   11|    1432|   10|app-20190708182722-0145
TASKS|  16|flatMapToPair at SpatialRDD.java:347 |  5547|15|4| 1876|   28|2019-07-08T18:27:36.789GMT|172.31.2.20|PROCESS_LOCAL |   11|      16|    0|app-20190708182722-0145
TASKS|  16|flatMapToPair at SpatialRDD.java:347 |  7314|15|4| 1876|   20|2019-07-08T18:27:38.035GMT|172.31.2.20|PROCESS_LOCAL |   10|  198872| 1669|app-20190708182722-0145
TASKS|  16|flatMapToPair at SpatialRDD.java:347 |  6663|15|4| 1876|   19|2019-07-08T18:27:37.538GMT|172.31.0.105|PROCESS_LOCAL |   10|    1064|    7|app-20190708182722-0145
TASKS|  16|flatMapToPair at SpatialRDD.java:347 |  6660|15|4| 1876|   17|2019-07-08T18:27:37.533GMT|172.31.4.160|PROCESS_LOCAL |   10|    2920|   22|app-20190708182722-0145
TASKS|  16|flatMapToPair at SpatialRDD.java:347 |  6575|15|4| 1876|   20|2019-07-08T18:27:37.477GMT|172.31.2.20|PROCESS_LOCAL |   10|  111944|  937|app-20190708182722-0145
TASKS|  16|flatMapToPair at SpatialRDD.java:347 |  6527|15|4| 1876|   19|2019-07-08T18:27:37.443GMT|172.31.2.20|PROCESS_LOCAL |   10|   62344|  538|app-20190708182722-0145
TASKS|  16|flatMapToPair at SpatialRDD.java:347 |  6042|15|4| 1876|   27|2019-07-08T18:27:37.127GMT|172.31.12.55|PROCESS_LOCAL |   10|    1928|   14|app-20190708182722-0145
TASKS|  16|flatMapToPair at SpatialRDD.java:347 |  5975|15|4| 1876|   20|2019-07-08T18:27:37.087GMT|172.31.2.20|PROCESS_LOCAL |   10|     568|    3|app-20190708182722-0145
TASKS|  16|flatMapToPair at SpatialRDD.java:347 |  5921|15|4| 1876|   23|2019-07-08T18:27:37.053GMT|172.31.2.20|PROCESS_LOCAL |   10|     936|    6|app-20190708182722-0145
TASKS|  13|aggregate at SpatialRDD.java:515     |  4029|15|4| 1876|   94|2019-07-08T18:27:34.672GMT|172.31.12.55|NODE_LOCAL    |   77|   31324|    1|app-20190708182722-0145
TASKS|  13|aggregate at SpatialRDD.java:515     |  4041|15|4| 1876|   86|2019-07-08T18:27:34.689GMT|172.31.4.160|NODE_LOCAL    |   75|    7101|    1|app-20190708182722-0145
TASKS|  13|aggregate at SpatialRDD.java:515     |  4046|15|4| 1876|   80|2019-07-08T18:27:34.694GMT|172.31.0.105|NODE_LOCAL    |   73|   58928|    1|app-20190708182722-0145
TASKS|  13|aggregate at SpatialRDD.java:515     |  4047|15|4| 1876|   79|2019-07-08T18:27:34.695GMT|172.31.4.160|NODE_LOCAL    |   72|    3227|    1|app-20190708182722-0145
TASKS|  13|aggregate at SpatialRDD.java:515     |  4051|15|4| 1876|   78|2019-07-08T18:27:34.702GMT|172.31.4.160|NODE_LOCAL    |   71|     954|    1|app-20190708182722-0145
TASKS|  13|aggregate at SpatialRDD.java:515     |  4038|15|4| 1876|   86|2019-07-08T18:27:34.685GMT|172.31.2.20|NODE_LOCAL    |   71|    7055|    1|app-20190708182722-0145
TASKS|  13|aggregate at SpatialRDD.java:515     |  4048|15|4| 1876|   78|2019-07-08T18:27:34.695GMT|172.31.2.20|NODE_LOCAL    |   70|   13978|    1|app-20190708182722-0145
TASKS|  13|aggregate at SpatialRDD.java:515     |  4044|15|4| 1876|   80|2019-07-08T18:27:34.693GMT|172.31.0.105|NODE_LOCAL    |   70|   50720|    1|app-20190708182722-0145
TASKS|  13|aggregate at SpatialRDD.java:515     |  4039|15|4| 1876|   81|2019-07-08T18:27:34.687GMT|172.31.12.55|NODE_LOCAL    |   69|    7011|    1|app-20190708182722-0145
TASKS|  13|aggregate at SpatialRDD.java:515     |  4040|15|4| 1876|   79|2019-07-08T18:27:34.688GMT|172.31.4.160|NODE_LOCAL    |   67|   78312|    1|app-20190708182722-0145
TASKS|  13|aggregate at SpatialRDD.java:515     |  4042|15|4| 1876|   80|2019-07-08T18:27:34.690GMT|172.31.5.2|NODE_LOCAL    |   66|   10392|    1|app-20190708182722-0145
TASKS|  13|aggregate at SpatialRDD.java:515     |  4049|15|4| 1876|   77|2019-07-08T18:27:34.696GMT|172.31.12.55|NODE_LOCAL    |   63|    3240|    1|app-20190708182722-0145
TASKS|  13|aggregate at SpatialRDD.java:515     |  4045|15|4| 1876|   73|2019-07-08T18:27:34.694GMT|172.31.12.55|NODE_LOCAL    |   61|   31336|    1|app-20190708182722-0145
TASKS|  13|aggregate at SpatialRDD.java:515     |  5462|15|4| 1876|   68|2019-07-08T18:27:36.460GMT|172.31.2.20|NODE_LOCAL    |   60|   34640|    1|app-20190708182722-0145
TASKS|  13|aggregate at SpatialRDD.java:515     |  4635|15|4| 1876|   85|2019-07-08T18:27:35.479GMT|172.31.2.20|NODE_LOCAL    |   60|   19160|    1|app-20190708182722-0145
TASKS|  13|aggregate at SpatialRDD.java:515     |  4653|15|4| 1876|   70|2019-07-08T18:27:35.498GMT|172.31.2.20|NODE_LOCAL    |   53|    2864|    1|app-20190708182722-0145
TASKS|  13|aggregate at SpatialRDD.java:515     |  4603|15|4| 1876|   64|2019-07-08T18:27:35.435GMT|172.31.2.20|NODE_LOCAL    |   53|   38960|    1|app-20190708182722-0145
TASKS|  13|aggregate at SpatialRDD.java:515     |  4612|15|4| 1876|   55|2019-07-08T18:27:35.446GMT|172.31.2.20|NODE_LOCAL    |   48|   42248|    1|app-20190708182722-0145
TASKS|  13|aggregate at SpatialRDD.java:515     |  4543|15|4| 1876|   53|2019-07-08T18:27:35.369GMT|172.31.2.20|NODE_LOCAL    |   48|   22296|    1|app-20190708182722-0145
TASKS|  13|aggregate at SpatialRDD.java:515     |  5231|15|4| 1876|   60|2019-07-08T18:27:36.192GMT|172.31.2.20|NODE_LOCAL    |   45|    3676|    1|app-20190708182722-0145
TASKS|  13|aggregate at SpatialRDD.java:515     |  4605|15|4| 1876|   48|2019-07-08T18:27:35.436GMT|172.31.2.20|NODE_LOCAL    |   44|   34640|    1|app-20190708182722-0145
TASKS|  13|aggregate at SpatialRDD.java:515     |  4470|15|4| 1876|   52|2019-07-08T18:27:35.276GMT|172.31.2.20|NODE_LOCAL    |   43|   67104|    1|app-20190708182722-0145
TASKS|  13|aggregate at SpatialRDD.java:515     |  4586|15|4| 1876|   49|2019-07-08T18:27:35.414GMT|172.31.2.20|NODE_LOCAL    |   41|   59064|    1|app-20190708182722-0145
TASKS|  13|aggregate at SpatialRDD.java:515     |  4718|15|4| 1876|   49|2019-07-08T18:27:35.595GMT|172.31.2.20|NODE_LOCAL    |   40|   85800|    1|app-20190708182722-0145
TASKS|  13|aggregate at SpatialRDD.java:515     |  5488|15|4| 1876|   44|2019-07-08T18:27:36.497GMT|172.31.2.20|NODE_LOCAL    |   38|   19160|    1|app-20190708182722-0145
TASKS|  10|count at MF.scala:98                 |  2049|15|4| 1876|   56|2019-07-08T18:27:32.238GMT|172.31.2.20|NODE_LOCAL    |   45|    3409|    1|app-20190708182722-0145
TASKS|  10|count at MF.scala:98                 |  3332|15|4| 1876|   51|2019-07-08T18:27:33.757GMT|172.31.2.20|NODE_LOCAL    |   44|   18341|    1|app-20190708182722-0145
TASKS|  10|count at MF.scala:98                 |  1781|15|4| 1876|   70|2019-07-08T18:27:31.913GMT|172.31.0.105|NODE_LOCAL    |   41|   18271|    1|app-20190708182722-0145
TASKS|  10|count at MF.scala:98                 |  3335|15|4| 1876|   45|2019-07-08T18:27:33.762GMT|172.31.12.55|NODE_LOCAL    |   39|    6968|    1|app-20190708182722-0145
TASKS|  10|count at MF.scala:98                 |  3435|15|4| 1876|   57|2019-07-08T18:27:33.878GMT|172.31.12.55|NODE_LOCAL    |   36|   40254|    1|app-20190708182722-0145
TASKS|  10|count at MF.scala:98                 |  3341|15|4| 1876|   45|2019-07-08T18:27:33.765GMT|172.31.12.55|NODE_LOCAL    |   36|   14344|    1|app-20190708182722-0145
TASKS|  10|count at MF.scala:98                 |  2016|15|4| 1876|   44|2019-07-08T18:27:32.204GMT|172.31.4.160|NODE_LOCAL    |   35|   32029|    1|app-20190708182722-0145
TASKS|  10|count at MF.scala:98                 |  1813|15|4| 1876|   47|2019-07-08T18:27:31.964GMT|172.31.2.20|NODE_LOCAL    |   35|   46301|    1|app-20190708182722-0145
TASKS|  10|count at MF.scala:98                 |  3338|15|4| 1876|   49|2019-07-08T18:27:33.764GMT|172.31.2.20|NODE_LOCAL    |   34|    6078|    1|app-20190708182722-0145
TASKS|  10|count at MF.scala:98                 |  2280|15|4| 1876|   49|2019-07-08T18:27:32.505GMT|172.31.0.105|NODE_LOCAL    |   33|   17480|    1|app-20190708182722-0145
TASKS|  10|count at MF.scala:98                 |  1954|15|4| 1876|   38|2019-07-08T18:27:32.131GMT|172.31.0.105|NODE_LOCAL    |   31|    4250|    1|app-20190708182722-0145
TASKS|  10|count at MF.scala:98                 |  3269|15|4| 1876|   40|2019-07-08T18:27:33.686GMT|172.31.2.20|NODE_LOCAL    |   30|   53200|    1|app-20190708182722-0145
TASKS|  10|count at MF.scala:98                 |  2310|15|4| 1876|   37|2019-07-08T18:27:32.546GMT|172.31.2.20|NODE_LOCAL    |   30|    5658|    1|app-20190708182722-0145
TASKS|  10|count at MF.scala:98                 |  2140|15|4| 1876|   59|2019-07-08T18:27:32.330GMT|172.31.12.55|NODE_LOCAL    |   30|   19764|    1|app-20190708182722-0145
TASKS|  10|count at MF.scala:98                 |  1961|15|4| 1876|   37|2019-07-08T18:27:32.138GMT|172.31.0.105|NODE_LOCAL    |   30|    6506|    1|app-20190708182722-0145
TASKS|  10|count at MF.scala:98                 |  1952|15|4| 1876|   37|2019-07-08T18:27:32.128GMT|172.31.4.160|NODE_LOCAL    |   30|   11094|    1|app-20190708182722-0145
TASKS|  10|count at MF.scala:98                 |  2787|15|4| 1876|   38|2019-07-08T18:27:33.134GMT|172.31.2.20|NODE_LOCAL    |   29|   46301|    1|app-20190708182722-0145
TASKS|  10|count at MF.scala:98                 |  2479|15|4| 1876|   48|2019-07-08T18:27:32.749GMT|172.31.0.105|NODE_LOCAL    |   29|    3588|    1|app-20190708182722-0145
TASKS|  10|count at MF.scala:98                 |  2031|15|4| 1876|   35|2019-07-08T18:27:32.214GMT|172.31.4.160|NODE_LOCAL    |   29|  104000|    1|app-20190708182722-0145
TASKS|  10|count at MF.scala:98                 |  2883|15|4| 1876|   41|2019-07-08T18:27:33.249GMT|172.31.4.160|NODE_LOCAL    |   28|   23911|    1|app-20190708182722-0145
TASKS|  10|count at MF.scala:98                 |  2248|15|4| 1876|   37|2019-07-08T18:27:32.457GMT|172.31.2.20|NODE_LOCAL    |   28|    6549|    1|app-20190708182722-0145
TASKS|  10|count at MF.scala:98                 |  3342|15|4| 1876|   43|2019-07-08T18:27:33.766GMT|172.31.2.20|NODE_LOCAL    |   27|   68496|    1|app-20190708182722-0145
TASKS|  10|count at MF.scala:98                 |  2086|15|4| 1876|   38|2019-07-08T18:27:32.280GMT|172.31.2.20|NODE_LOCAL    |   27|   36464|    1|app-20190708182722-0145
TASKS|  10|count at MF.scala:98                 |  2001|15|4| 1876|   53|2019-07-08T18:27:32.185GMT|172.31.2.20|NODE_LOCAL    |   27|    8121|    1|app-20190708182722-0145
TASKS|  10|count at MF.scala:98                 |  1806|15|4| 1876|   44|2019-07-08T18:27:31.955GMT|172.31.12.55|NODE_LOCAL    |   27|   14038|    1|app-20190708182722-0145
TASKS|   7|count at MF.scala:84                 |   850|15|4|  938|  226|2019-07-08T18:27:29.165GMT|172.31.2.20|NODE_LOCAL    |  184|       0|    0|app-20190708182722-0145
TASKS|   7|count at MF.scala:84                 |   840|15|4|  938|  230|2019-07-08T18:27:29.160GMT|172.31.2.20|NODE_LOCAL    |  180|       0|    0|app-20190708182722-0145
TASKS|   7|count at MF.scala:84                 |   845|15|4|  938|  226|2019-07-08T18:27:29.164GMT|172.31.2.20|NODE_LOCAL    |  179|       0|    0|app-20190708182722-0145
TASKS|   7|count at MF.scala:84                 |   852|15|4|  938|  220|2019-07-08T18:27:29.166GMT|172.31.4.160|NODE_LOCAL    |  178|       0|    0|app-20190708182722-0145
TASKS|   7|count at MF.scala:84                 |   848|15|4|  938|  219|2019-07-08T18:27:29.165GMT|172.31.5.2|NODE_LOCAL    |  175|       0|    0|app-20190708182722-0145
TASKS|   7|count at MF.scala:84                 |   858|15|4|  938|  217|2019-07-08T18:27:29.168GMT|172.31.5.2|NODE_LOCAL    |  174|       0|    0|app-20190708182722-0145
TASKS|   7|count at MF.scala:84                 |   855|15|4|  938|  222|2019-07-08T18:27:29.167GMT|172.31.2.20|NODE_LOCAL    |  173|       0|    0|app-20190708182722-0145
TASKS|   7|count at MF.scala:84                 |   842|15|4|  938|  212|2019-07-08T18:27:29.164GMT|172.31.4.160|NODE_LOCAL    |  173|       0|    0|app-20190708182722-0145
TASKS|   7|count at MF.scala:84                 |   853|15|4|  938|  206|2019-07-08T18:27:29.166GMT|172.31.5.2|NODE_LOCAL    |  171|       0|    0|app-20190708182722-0145
TASKS|   7|count at MF.scala:84                 |   847|15|4|  938|  208|2019-07-08T18:27:29.165GMT|172.31.4.160|NODE_LOCAL    |  171|       0|    0|app-20190708182722-0145
TASKS|   7|count at MF.scala:84                 |   857|15|4|  938|  203|2019-07-08T18:27:29.168GMT|172.31.4.160|NODE_LOCAL    |  167|       0|    0|app-20190708182722-0145
TASKS|   7|count at MF.scala:84                 |   841|15|4|  938|  223|2019-07-08T18:27:29.163GMT|172.31.12.55|NODE_LOCAL    |  167|       0|    0|app-20190708182722-0145
TASKS|   7|count at MF.scala:84                 |   851|15|4|  938|  227|2019-07-08T18:27:29.166GMT|172.31.12.55|NODE_LOCAL    |  166|       0|    0|app-20190708182722-0145
TASKS|   7|count at MF.scala:84                 |   854|15|4|  938|  208|2019-07-08T18:27:29.167GMT|172.31.0.105|NODE_LOCAL    |  165|       0|    0|app-20190708182722-0145
TASKS|   7|count at MF.scala:84                 |   844|15|4|  938|  204|2019-07-08T18:27:29.164GMT|172.31.0.105|NODE_LOCAL    |  157|       0|    0|app-20190708182722-0145
TASKS|   7|count at MF.scala:84                 |   843|15|4|  938|  198|2019-07-08T18:27:29.164GMT|172.31.5.2|NODE_LOCAL    |  156|       0|    0|app-20190708182722-0145
TASKS|   7|count at MF.scala:84                 |   859|15|4|  938|  192|2019-07-08T18:27:29.168GMT|172.31.0.105|NODE_LOCAL    |  154|       0|    0|app-20190708182722-0145
TASKS|   7|count at MF.scala:84                 |   849|15|4|  938|  203|2019-07-08T18:27:29.165GMT|172.31.0.105|NODE_LOCAL    |  154|       0|    0|app-20190708182722-0145
TASKS|   7|count at MF.scala:84                 |   846|15|4|  938|  210|2019-07-08T18:27:29.165GMT|172.31.12.55|NODE_LOCAL    |  152|       0|    0|app-20190708182722-0145
TASKS|   7|count at MF.scala:84                 |   856|15|4|  938|  201|2019-07-08T18:27:29.167GMT|172.31.12.55|NODE_LOCAL    |  148|       0|    0|app-20190708182722-0145
TASKS|   7|count at MF.scala:84                 |  1466|15|4|  938|  120|2019-07-08T18:27:30.941GMT|172.31.0.105|NODE_LOCAL    |  106|       0|    0|app-20190708182722-0145
TASKS|   7|count at MF.scala:84                 |   889|15|4|  938|  122|2019-07-08T18:27:29.461GMT|172.31.2.20|NODE_LOCAL    |  103|       0|    0|app-20190708182722-0145
TASKS|   7|count at MF.scala:84                 |   862|15|4|  938|  117|2019-07-08T18:27:29.366GMT|172.31.12.55|NODE_LOCAL    |  102|       0|    0|app-20190708182722-0145
TASKS|   7|count at MF.scala:84                 |  1472|15|4|  938|  108|2019-07-08T18:27:30.954GMT|172.31.4.160|NODE_LOCAL    |   96|       0|    0|app-20190708182722-0145
TASKS|   7|count at MF.scala:84                 |   863|15|4|  938|  103|2019-07-08T18:27:29.367GMT|172.31.0.105|NODE_LOCAL    |   94|       0|    0|app-20190708182722-0145
TASKS|   6|flatMapToPair at SpatialRDD.java:347 |   812|15|4|  120|  206|2019-07-08T18:27:28.623GMT|172.31.0.105|PROCESS_LOCAL |  190|      16|    0|app-20190708182722-0145
TASKS|   6|flatMapToPair at SpatialRDD.java:347 |   816|15|4|  120|  166|2019-07-08T18:27:28.667GMT|172.31.4.160|PROCESS_LOCAL |  157|  259864| 1184|app-20190708182722-0145
TASKS|   6|flatMapToPair at SpatialRDD.java:347 |   818|15|4|  120|  151|2019-07-08T18:27:28.677GMT|172.31.4.160|PROCESS_LOCAL |  142|  519064| 2226|app-20190708182722-0145
TASKS|   6|flatMapToPair at SpatialRDD.java:347 |   771|15|4|  120|  137|2019-07-08T18:27:28.521GMT|172.31.5.2|PROCESS_LOCAL |  129|      16|    0|app-20190708182722-0145
TASKS|   6|flatMapToPair at SpatialRDD.java:347 |   817|15|4|  120|  144|2019-07-08T18:27:28.675GMT|172.31.4.160|PROCESS_LOCAL |  127|  518504| 2222|app-20190708182722-0145
TASKS|   6|flatMapToPair at SpatialRDD.java:347 |   838|15|4|  120|   76|2019-07-08T18:27:28.904GMT|172.31.2.20|PROCESS_LOCAL |   65|  518728| 2230|app-20190708182722-0145
TASKS|   6|flatMapToPair at SpatialRDD.java:347 |   836|15|4|  120|   84|2019-07-08T18:27:28.897GMT|172.31.2.20|PROCESS_LOCAL |   64|  517896| 2232|app-20190708182722-0145
TASKS|   6|flatMapToPair at SpatialRDD.java:347 |   827|15|4|  120|   72|2019-07-08T18:27:28.839GMT|172.31.0.105|PROCESS_LOCAL |   63|  518512| 2226|app-20190708182722-0145
TASKS|   6|flatMapToPair at SpatialRDD.java:347 |   826|15|4|  120|   68|2019-07-08T18:27:28.838GMT|172.31.0.105|PROCESS_LOCAL |   61|  518536| 2230|app-20190708182722-0145
TASKS|   6|flatMapToPair at SpatialRDD.java:347 |   828|15|4|  120|   85|2019-07-08T18:27:28.845GMT|172.31.12.55|PROCESS_LOCAL |   60|  518736| 2236|app-20190708182722-0145
TASKS|   6|flatMapToPair at SpatialRDD.java:347 |   773|15|4|  120|  200|2019-07-08T18:27:28.523GMT|172.31.5.2|PROCESS_LOCAL |   58|  518224| 2230|app-20190708182722-0145
TASKS|   6|flatMapToPair at SpatialRDD.java:347 |   830|15|4|  120|   70|2019-07-08T18:27:28.851GMT|172.31.12.55|PROCESS_LOCAL |   52|  519080| 2234|app-20190708182722-0145
TASKS|   6|flatMapToPair at SpatialRDD.java:347 |   839|15|4|  120|   65|2019-07-08T18:27:28.908GMT|172.31.2.20|PROCESS_LOCAL |   48|  518184| 2228|app-20190708182722-0145
TASKS|   6|flatMapToPair at SpatialRDD.java:347 |   837|15|4|  120|   57|2019-07-08T18:27:28.899GMT|172.31.2.20|PROCESS_LOCAL |   46|  518720| 2234|app-20190708182722-0145
TASKS|   6|flatMapToPair at SpatialRDD.java:347 |   831|15|4|  120|   54|2019-07-08T18:27:28.852GMT|172.31.12.55|PROCESS_LOCAL |   46|  518216| 2232|app-20190708182722-0145
TASKS|   6|flatMapToPair at SpatialRDD.java:347 |   829|15|4|  120|   55|2019-07-08T18:27:28.846GMT|172.31.12.55|PROCESS_LOCAL |   42|  518904| 2236|app-20190708182722-0145
TASKS|   6|flatMapToPair at SpatialRDD.java:347 |   825|15|4|  120|   62|2019-07-08T18:27:28.829GMT|172.31.0.105|PROCESS_LOCAL |   39|  518712| 2227|app-20190708182722-0145
TASKS|   6|flatMapToPair at SpatialRDD.java:347 |   756|15|4|  120|   62|2019-07-08T18:27:28.500GMT|172.31.6.192|PROCESS_LOCAL |   33|      16|    0|app-20190708182722-0145
TASKS|   6|flatMapToPair at SpatialRDD.java:347 |   789|15|4|  120|   35|2019-07-08T18:27:28.576GMT|172.31.0.105|PROCESS_LOCAL |   27|      16|    0|app-20190708182722-0145
TASKS|   6|flatMapToPair at SpatialRDD.java:347 |   833|15|4|  120|   42|2019-07-08T18:27:28.867GMT|172.31.2.20|PROCESS_LOCAL |   21|      16|    0|app-20190708182722-0145
TASKS|   6|flatMapToPair at SpatialRDD.java:347 |   700|15|4|  120|   98|2019-07-08T18:27:28.430GMT|172.31.0.141|PROCESS_LOCAL |   21|      16|    0|app-20190708182722-0145
TASKS|   6|flatMapToPair at SpatialRDD.java:347 |   763|15|4|  120|   98|2019-07-08T18:27:28.509GMT|172.31.11.178|PROCESS_LOCAL |   20|      16|    0|app-20190708182722-0145
TASKS|   6|flatMapToPair at SpatialRDD.java:347 |   703|15|4|  120|   91|2019-07-08T18:27:28.435GMT|172.31.0.141|PROCESS_LOCAL |   20|      16|    0|app-20190708182722-0145
TASKS|   6|flatMapToPair at SpatialRDD.java:347 |   800|15|4|  120|   34|2019-07-08T18:27:28.593GMT|172.31.11.124|PROCESS_LOCAL |   17|      16|    0|app-20190708182722-0145
TASKS|   6|flatMapToPair at SpatialRDD.java:347 |   785|15|4|  120|   26|2019-07-08T18:27:28.554GMT|172.31.13.231|PROCESS_LOCAL |   17|      16|    0|app-20190708182722-0145
TASKS|   5|flatMapToPair at SpatialRDD.java:347 |   704|15|4|  120|  437|2019-07-08T18:27:28.436GMT|172.31.2.20|PROCESS_LOCAL |  426|  517896| 2232|app-20190708182722-0145
TASKS|   5|flatMapToPair at SpatialRDD.java:347 |   708|15|4|  120|  425|2019-07-08T18:27:28.442GMT|172.31.2.20|PROCESS_LOCAL |  416|  518720| 2234|app-20190708182722-0145
TASKS|   5|flatMapToPair at SpatialRDD.java:347 |   711|15|4|  120|  418|2019-07-08T18:27:28.447GMT|172.31.2.20|PROCESS_LOCAL |  409|  518728| 2230|app-20190708182722-0145
TASKS|   5|flatMapToPair at SpatialRDD.java:347 |   716|15|4|  120|  415|2019-07-08T18:27:28.453GMT|172.31.2.20|PROCESS_LOCAL |  406|  518184| 2228|app-20190708182722-0145
TASKS|   5|flatMapToPair at SpatialRDD.java:347 |   701|15|4|  120|  409|2019-07-08T18:27:28.431GMT|172.31.0.105|PROCESS_LOCAL |  402|  518712| 2227|app-20190708182722-0145
TASKS|   5|flatMapToPair at SpatialRDD.java:347 |   710|15|4|  120|  383|2019-07-08T18:27:28.446GMT|172.31.12.55|PROCESS_LOCAL |  370|  518216| 2232|app-20190708182722-0145
TASKS|   5|flatMapToPair at SpatialRDD.java:347 |   705|15|4|  120|  387|2019-07-08T18:27:28.439GMT|172.31.0.105|PROCESS_LOCAL |  358|  518536| 2230|app-20190708182722-0145
TASKS|   5|flatMapToPair at SpatialRDD.java:347 |   707|15|4|  120|  366|2019-07-08T18:27:28.441GMT|172.31.12.55|PROCESS_LOCAL |  357|  518904| 2236|app-20190708182722-0145
TASKS|   5|flatMapToPair at SpatialRDD.java:347 |   709|15|4|  120|  367|2019-07-08T18:27:28.445GMT|172.31.12.55|PROCESS_LOCAL |  356|  519080| 2234|app-20190708182722-0145
TASKS|   5|flatMapToPair at SpatialRDD.java:347 |   717|15|4|  120|  373|2019-07-08T18:27:28.454GMT|172.31.0.105|PROCESS_LOCAL |  294|  518512| 2226|app-20190708182722-0145
TASKS|   5|flatMapToPair at SpatialRDD.java:347 |   662|15|4|  120|  309|2019-07-08T18:27:28.367GMT|172.31.4.160|PROCESS_LOCAL |  294|  518504| 2222|app-20190708182722-0145
TASKS|   5|flatMapToPair at SpatialRDD.java:347 |   661|15|4|  120|  303|2019-07-08T18:27:28.365GMT|172.31.4.160|PROCESS_LOCAL |  287|  259864| 1184|app-20190708182722-0145
TASKS|   5|flatMapToPair at SpatialRDD.java:347 |   663|15|4|  120|  296|2019-07-08T18:27:28.369GMT|172.31.4.160|PROCESS_LOCAL |  282|  519064| 2226|app-20190708182722-0145
TASKS|   5|flatMapToPair at SpatialRDD.java:347 |   684|15|4|  120|  280|2019-07-08T18:27:28.407GMT|172.31.5.2|PROCESS_LOCAL |  273|  518224| 2230|app-20190708182722-0145
TASKS|   5|flatMapToPair at SpatialRDD.java:347 |   706|15|4|  120|  374|2019-07-08T18:27:28.440GMT|172.31.12.55|PROCESS_LOCAL |  214|  518736| 2236|app-20190708182722-0145
TASKS|   5|flatMapToPair at SpatialRDD.java:347 |   658|15|4|  120|  132|2019-07-08T18:27:28.294GMT|172.31.13.231|PROCESS_LOCAL |   47|      16|    0|app-20190708182722-0145
TASKS|   5|flatMapToPair at SpatialRDD.java:347 |   628|15|4|  120|  137|2019-07-08T18:27:28.286GMT|172.31.13.231|PROCESS_LOCAL |   47|      16|    0|app-20190708182722-0145
TASKS|   5|flatMapToPair at SpatialRDD.java:347 |   619|15|4|  120|  121|2019-07-08T18:27:28.284GMT|172.31.11.124|PROCESS_LOCAL |   47|      16|    0|app-20190708182722-0145
TASKS|   5|flatMapToPair at SpatialRDD.java:347 |   613|15|4|  120|  140|2019-07-08T18:27:28.282GMT|172.31.13.231|PROCESS_LOCAL |   47|      16|    0|app-20190708182722-0145
TASKS|   5|flatMapToPair at SpatialRDD.java:347 |   609|15|4|  120|  190|2019-07-08T18:27:28.281GMT|172.31.11.178|PROCESS_LOCAL |   47|      16|    0|app-20190708182722-0145
TASKS|   5|flatMapToPair at SpatialRDD.java:347 |   634|15|4|  120|  119|2019-07-08T18:27:28.288GMT|172.31.11.124|PROCESS_LOCAL |   46|      16|    0|app-20190708182722-0145
TASKS|   5|flatMapToPair at SpatialRDD.java:347 |   630|15|4|  120|   96|2019-07-08T18:27:28.287GMT|172.31.5.2|PROCESS_LOCAL |   45|      16|    0|app-20190708182722-0145
TASKS|   5|flatMapToPair at SpatialRDD.java:347 |   615|15|4|  120|  111|2019-07-08T18:27:28.283GMT|172.31.5.2|PROCESS_LOCAL |   45|      16|    0|app-20190708182722-0145
TASKS|   5|flatMapToPair at SpatialRDD.java:347 |   600|15|4|  120|  105|2019-07-08T18:27:28.278GMT|172.31.5.2|PROCESS_LOCAL |   45|      16|    0|app-20190708182722-0145
TASKS|   5|flatMapToPair at SpatialRDD.java:347 |   659|15|4|  120|  187|2019-07-08T18:27:28.294GMT|172.31.4.16|PROCESS_LOCAL |   43|      16|    0|app-20190708182722-0145
TASKS|   4|count at MF.scala:68                 |   481|15|4|  120|   98|2019-07-08T18:27:27.985GMT|172.31.15.67|PROCESS_LOCAL |   37|      16|    0|app-20190708182722-0145
TASKS|   4|count at MF.scala:68                 |   496|15|4|  120|  114|2019-07-08T18:27:27.989GMT|172.31.15.67|PROCESS_LOCAL |   32|      16|    0|app-20190708182722-0145
TASKS|   4|count at MF.scala:68                 |   526|15|4|  120|  108|2019-07-08T18:27:27.996GMT|172.31.15.67|PROCESS_LOCAL |   30|      16|    0|app-20190708182722-0145
TASKS|   4|count at MF.scala:68                 |   511|15|4|  120|  116|2019-07-08T18:27:27.992GMT|172.31.15.67|PROCESS_LOCAL |   30|      16|    0|app-20190708182722-0145
TASKS|   4|count at MF.scala:68                 |   480|15|4|  120|   79|2019-07-08T18:27:27.985GMT|172.31.4.160|PROCESS_LOCAL |   12|      16|    0|app-20190708182722-0145
TASKS|   4|count at MF.scala:68                 |   584|15|4|  120|   28|2019-07-08T18:27:28.111GMT|172.31.6.192|PROCESS_LOCAL |   10|      16|    0|app-20190708182722-0145
TASKS|   4|count at MF.scala:68                 |   574|15|4|  120|   32|2019-07-08T18:27:28.096GMT|172.31.8.10|PROCESS_LOCAL |    8|      16|    0|app-20190708182722-0145
TASKS|   4|count at MF.scala:68                 |   484|15|4|  120|   70|2019-07-08T18:27:27.986GMT|172.31.13.231|PROCESS_LOCAL |    7|      16|    0|app-20190708182722-0145
TASKS|   4|count at MF.scala:68                 |   583|15|4|  120|   27|2019-07-08T18:27:28.108GMT|172.31.15.67|PROCESS_LOCAL |    6|      16|    0|app-20190708182722-0145
TASKS|   4|count at MF.scala:68                 |   554|15|4|  120|   65|2019-07-08T18:27:28.053GMT|172.31.5.2|PROCESS_LOCAL |    6|      16|    0|app-20190708182722-0145
TASKS|   4|count at MF.scala:68                 |   525|15|4|  120|   42|2019-07-08T18:27:27.995GMT|172.31.4.160|PROCESS_LOCAL |    6|      16|    0|app-20190708182722-0145
TASKS|   4|count at MF.scala:68                 |   552|15|4|  120|   41|2019-07-08T18:27:28.052GMT|172.31.13.231|PROCESS_LOCAL |    5|      16|    0|app-20190708182722-0145
TASKS|   4|count at MF.scala:68                 |   533|15|4|  120|   99|2019-07-08T18:27:27.998GMT|172.31.12.55|PROCESS_LOCAL |    4|      16|    0|app-20190708182722-0145
TASKS|   4|count at MF.scala:68                 |   578|15|4|  120|   37|2019-07-08T18:27:28.102GMT|172.31.15.67|PROCESS_LOCAL |    3|      16|    0|app-20190708182722-0145
TASKS|   4|count at MF.scala:68                 |   530|15|4|  120|   67|2019-07-08T18:27:27.997GMT|172.31.5.79|PROCESS_LOCAL |    3|      16|    0|app-20190708182722-0145
TASKS|   4|count at MF.scala:68                 |   529|15|4|  120|   48|2019-07-08T18:27:27.996GMT|172.31.13.231|PROCESS_LOCAL |    3|      16|    0|app-20190708182722-0145
TASKS|   4|count at MF.scala:68                 |   597|15|4|  120|   28|2019-07-08T18:27:28.131GMT|172.31.4.16|PROCESS_LOCAL |    2|      16|    0|app-20190708182722-0145
TASKS|   4|count at MF.scala:68                 |   595|15|4|  120|   32|2019-07-08T18:27:28.129GMT|172.31.4.16|PROCESS_LOCAL |    2|      16|    0|app-20190708182722-0145
TASKS|   4|count at MF.scala:68                 |   592|15|4|  120|   16|2019-07-08T18:27:28.125GMT|172.31.2.20|PROCESS_LOCAL |    2|  518720| 2234|app-20190708182722-0145
TASKS|   4|count at MF.scala:68                 |   575|15|4|  120|   31|2019-07-08T18:27:28.097GMT|172.31.12.55|PROCESS_LOCAL |    2|  519080| 2234|app-20190708182722-0145
TASKS|   4|count at MF.scala:68                 |   572|15|4|  120|   29|2019-07-08T18:27:28.088GMT|172.31.0.105|PROCESS_LOCAL |    2|  518536| 2230|app-20190708182722-0145
TASKS|   4|count at MF.scala:68                 |   571|15|4|  120|   31|2019-07-08T18:27:28.086GMT|172.31.0.105|PROCESS_LOCAL |    2|  518712| 2227|app-20190708182722-0145
TASKS|   4|count at MF.scala:68                 |   560|15|4|  120|   46|2019-07-08T18:27:28.062GMT|172.31.4.160|PROCESS_LOCAL |    2|  518504| 2222|app-20190708182722-0145
TASKS|   4|count at MF.scala:68                 |   513|15|4|  120|   63|2019-07-08T18:27:27.993GMT|172.31.5.2|PROCESS_LOCAL |    2|      16|    0|app-20190708182722-0145
TASKS|   4|count at MF.scala:68                 |   505|15|4|  120|   87|2019-07-08T18:27:27.991GMT|172.31.11.124|PROCESS_LOCAL |    2|      16|    0|app-20190708182722-0145
TASKS|   3|aggregate at SpatialRDD.java:515     |   464|15|4|  120|   49|2019-07-08T18:27:27.871GMT|172.31.2.20|PROCESS_LOCAL |   20|  518720| 2234|app-20190708182722-0145
TASKS|   3|aggregate at SpatialRDD.java:515     |   465|15|4|  120|   33|2019-07-08T18:27:27.876GMT|172.31.2.20|PROCESS_LOCAL |   19|  518728| 2230|app-20190708182722-0145
TASKS|   3|aggregate at SpatialRDD.java:515     |   463|15|4|  120|   45|2019-07-08T18:27:27.868GMT|172.31.2.20|PROCESS_LOCAL |   18|  517896| 2232|app-20190708182722-0145
TASKS|   3|aggregate at SpatialRDD.java:515     |   472|15|4|  120|   31|2019-07-08T18:27:27.896GMT|172.31.4.160|PROCESS_LOCAL |   17|  259864| 1184|app-20190708182722-0145
TASKS|   3|aggregate at SpatialRDD.java:515     |   452|15|4|  120|   39|2019-07-08T18:27:27.836GMT|172.31.12.55|PROCESS_LOCAL |   13|  519080| 2234|app-20190708182722-0145
TASKS|   3|aggregate at SpatialRDD.java:515     |   410|15|4|  120|  163|2019-07-08T18:27:27.706GMT|172.31.2.20|PROCESS_LOCAL |   13|      16|    0|app-20190708182722-0145
TASKS|   3|aggregate at SpatialRDD.java:515     |   475|15|4|  120|   34|2019-07-08T18:27:27.901GMT|172.31.4.160|PROCESS_LOCAL |   11|  519064| 2226|app-20190708182722-0145
TASKS|   3|aggregate at SpatialRDD.java:515     |   388|15|4|  120|  157|2019-07-08T18:27:27.699GMT|172.31.15.67|PROCESS_LOCAL |   11|      16|    0|app-20190708182722-0145
TASKS|   3|aggregate at SpatialRDD.java:515     |   429|15|4|  120|   29|2019-07-08T18:27:27.785GMT|172.31.0.105|PROCESS_LOCAL |   10|      16|    0|app-20190708182722-0145
TASKS|   3|aggregate at SpatialRDD.java:515     |   401|15|4|  120|  182|2019-07-08T18:27:27.703GMT|172.31.5.2|PROCESS_LOCAL |    9|      16|    0|app-20190708182722-0145
TASKS|   3|aggregate at SpatialRDD.java:515     |   466|15|4|  120|   39|2019-07-08T18:27:27.878GMT|172.31.2.20|PROCESS_LOCAL |    7|  518184| 2228|app-20190708182722-0145
TASKS|   3|aggregate at SpatialRDD.java:515     |   446|15|4|  120|   37|2019-07-08T18:27:27.830GMT|172.31.12.55|PROCESS_LOCAL |    7|  518736| 2236|app-20190708182722-0145
TASKS|   3|aggregate at SpatialRDD.java:515     |   444|15|4|  120|   25|2019-07-08T18:27:27.821GMT|172.31.11.178|PROCESS_LOCAL |    7|      16|    0|app-20190708182722-0145
TASKS|   3|aggregate at SpatialRDD.java:515     |   415|15|4|  120|  193|2019-07-08T18:27:27.707GMT|172.31.4.160|PROCESS_LOCAL |    7|      16|    0|app-20190708182722-0145
TASKS|   3|aggregate at SpatialRDD.java:515     |   412|15|4|  120|  107|2019-07-08T18:27:27.706GMT|172.31.0.141|PROCESS_LOCAL |    7|      16|    0|app-20190708182722-0145
TASKS|   3|aggregate at SpatialRDD.java:515     |   391|15|4|  120|   92|2019-07-08T18:27:27.700GMT|172.31.8.10|PROCESS_LOCAL |    7|      16|    0|app-20190708182722-0145
TASKS|   3|aggregate at SpatialRDD.java:515     |   370|15|4|  120|  205|2019-07-08T18:27:27.692GMT|172.31.4.160|PROCESS_LOCAL |    7|      16|    0|app-20190708182722-0145
TASKS|   3|aggregate at SpatialRDD.java:515     |   363|15|4|  120|  149|2019-07-08T18:27:27.689GMT|172.31.11.178|PROCESS_LOCAL |    7|      16|    0|app-20190708182722-0145
TASKS|   3|aggregate at SpatialRDD.java:515     |   459|15|4|  120|   23|2019-07-08T18:27:27.854GMT|172.31.15.67|PROCESS_LOCAL |    6|      16|    0|app-20190708182722-0145
TASKS|   3|aggregate at SpatialRDD.java:515     |   442|15|4|  120|   30|2019-07-08T18:27:27.817GMT|172.31.11.178|PROCESS_LOCAL |    6|      16|    0|app-20190708182722-0145
TASKS|   3|aggregate at SpatialRDD.java:515     |   407|15|4|  120|   70|2019-07-08T18:27:27.705GMT|172.31.5.79|PROCESS_LOCAL |    6|      16|    0|app-20190708182722-0145
TASKS|   3|aggregate at SpatialRDD.java:515     |   403|15|4|  120|  161|2019-07-08T18:27:27.704GMT|172.31.15.67|PROCESS_LOCAL |    6|      16|    0|app-20190708182722-0145
TASKS|   3|aggregate at SpatialRDD.java:515     |   373|15|4|  120|  161|2019-07-08T18:27:27.693GMT|172.31.15.67|PROCESS_LOCAL |    6|      16|    0|app-20190708182722-0145
TASKS|   3|aggregate at SpatialRDD.java:515     |   479|15|4|  120|   23|2019-07-08T18:27:27.918GMT|172.31.5.2|PROCESS_LOCAL |    5|  518224| 2230|app-20190708182722-0145
TASKS|   3|aggregate at SpatialRDD.java:515     |   436|15|4|  120|   16|2019-07-08T18:27:27.800GMT|172.31.0.105|PROCESS_LOCAL |    5|  518712| 2227|app-20190708182722-0145
TASKS|   2|collect at SpatialRDD.java:248       |   286|15|4|  120|   90|2019-07-08T18:27:27.218GMT|172.31.11.83|PROCESS_LOCAL |   18|      16|    0|app-20190708182722-0145
TASKS|   2|collect at SpatialRDD.java:248       |   271|15|4|  120|  100|2019-07-08T18:27:27.212GMT|172.31.11.83|PROCESS_LOCAL |   18|      16|    0|app-20190708182722-0145
TASKS|   2|collect at SpatialRDD.java:248       |   290|15|4|  120|  121|2019-07-08T18:27:27.219GMT|172.31.0.105|PROCESS_LOCAL |   17|      16|    0|app-20190708182722-0145
TASKS|   2|collect at SpatialRDD.java:248       |   296|15|4|  120|  118|2019-07-08T18:27:27.221GMT|172.31.12.55|PROCESS_LOCAL |   16|      16|    0|app-20190708182722-0145
TASKS|   2|collect at SpatialRDD.java:248       |   251|15|4|  120|  133|2019-07-08T18:27:27.205GMT|172.31.12.55|PROCESS_LOCAL |   16|      16|    0|app-20190708182722-0145
TASKS|   2|collect at SpatialRDD.java:248       |   242|15|4|  120|  125|2019-07-08T18:27:27.202GMT|172.31.6.192|PROCESS_LOCAL |   15|      16|    0|app-20190708182722-0145
TASKS|   2|collect at SpatialRDD.java:248       |   241|15|4|  120|  120|2019-07-08T18:27:27.201GMT|172.31.11.83|PROCESS_LOCAL |   14|      16|    0|app-20190708182722-0145
TASKS|   2|collect at SpatialRDD.java:248       |   252|15|4|  120|  171|2019-07-08T18:27:27.205GMT|172.31.0.141|PROCESS_LOCAL |   13|      16|    0|app-20190708182722-0145
TASKS|   2|collect at SpatialRDD.java:248       |   310|15|4|  120|   93|2019-07-08T18:27:27.289GMT|172.31.2.20|PROCESS_LOCAL |   12|  517896| 2232|app-20190708182722-0145
TASKS|   2|collect at SpatialRDD.java:248       |   270|15|4|  120|   74|2019-07-08T18:27:27.212GMT|172.31.5.2|PROCESS_LOCAL |   12|      16|    0|app-20190708182722-0145
TASKS|   2|collect at SpatialRDD.java:248       |   255|15|4|  120|   70|2019-07-08T18:27:27.207GMT|172.31.5.2|PROCESS_LOCAL |   12|      16|    0|app-20190708182722-0145
TASKS|   2|collect at SpatialRDD.java:248       |   285|15|4|  120|   81|2019-07-08T18:27:27.217GMT|172.31.5.2|PROCESS_LOCAL |   11|      16|    0|app-20190708182722-0145
TASKS|   2|collect at SpatialRDD.java:248       |   297|15|4|  120|  153|2019-07-08T18:27:27.222GMT|172.31.0.141|PROCESS_LOCAL |   10|      16|    0|app-20190708182722-0145
TASKS|   2|collect at SpatialRDD.java:248       |   256|15|4|  120|  110|2019-07-08T18:27:27.207GMT|172.31.11.83|PROCESS_LOCAL |   10|      16|    0|app-20190708182722-0145
TASKS|   2|collect at SpatialRDD.java:248       |   254|15|4|  120|  168|2019-07-08T18:27:27.206GMT|172.31.15.67|PROCESS_LOCAL |   10|      16|    0|app-20190708182722-0145
TASKS|   2|collect at SpatialRDD.java:248       |   240|15|4|  120|  128|2019-07-08T18:27:27.200GMT|172.31.5.2|PROCESS_LOCAL |   10|      16|    0|app-20190708182722-0145
TASKS|   2|collect at SpatialRDD.java:248       |   317|15|4|  120|   85|2019-07-08T18:27:27.304GMT|172.31.12.55|PROCESS_LOCAL |    9|  518736| 2236|app-20190708182722-0145
TASKS|   2|collect at SpatialRDD.java:248       |   306|15|4|  120|   81|2019-07-08T18:27:27.275GMT|172.31.5.79|PROCESS_LOCAL |    9|      16|    0|app-20190708182722-0145
TASKS|   2|collect at SpatialRDD.java:248       |   287|15|4|  120|   87|2019-07-08T18:27:27.218GMT|172.31.6.192|PROCESS_LOCAL |    9|      16|    0|app-20190708182722-0145
TASKS|   2|collect at SpatialRDD.java:248       |   267|15|4|  120|  172|2019-07-08T18:27:27.211GMT|172.31.0.141|PROCESS_LOCAL |    9|      16|    0|app-20190708182722-0145
TASKS|   2|collect at SpatialRDD.java:248       |   257|15|4|  120|  111|2019-07-08T18:27:27.207GMT|172.31.6.192|PROCESS_LOCAL |    9|      16|    0|app-20190708182722-0145
TASKS|   2|collect at SpatialRDD.java:248       |   243|15|4|  120|   93|2019-07-08T18:27:27.202GMT|172.31.5.79|PROCESS_LOCAL |    9|      16|    0|app-20190708182722-0145
TASKS|   2|collect at SpatialRDD.java:248       |   282|15|4|  120|  164|2019-07-08T18:27:27.216GMT|172.31.0.141|PROCESS_LOCAL |    8|      16|    0|app-20190708182722-0145
TASKS|   2|collect at SpatialRDD.java:248       |   280|15|4|  120|   75|2019-07-08T18:27:27.216GMT|172.31.13.231|PROCESS_LOCAL |    8|      16|    0|app-20190708182722-0145
TASKS|   2|collect at SpatialRDD.java:248       |   265|15|4|  120|   63|2019-07-08T18:27:27.210GMT|172.31.13.231|PROCESS_LOCAL |    8|      16|    0|app-20190708182722-0145
TASKS|   1|count at MF.scala:399                |   141|15|4|  120|  124|2019-07-08T18:27:26.934GMT|172.31.0.141|PROCESS_LOCAL |   25|      16|    0|app-20190708182722-0145
TASKS|   1|count at MF.scala:399                |   126|15|4|  120|  123|2019-07-08T18:27:26.929GMT|172.31.0.141|PROCESS_LOCAL |   20|      16|    0|app-20190708182722-0145
TASKS|   1|count at MF.scala:399                |   171|15|4|  120|  106|2019-07-08T18:27:26.946GMT|172.31.0.141|PROCESS_LOCAL |   17|      16|    0|app-20190708182722-0145
TASKS|   1|count at MF.scala:399                |   138|15|4|  120|  109|2019-07-08T18:27:26.933GMT|172.31.4.160|PROCESS_LOCAL |   16|      16|    0|app-20190708182722-0145
TASKS|   1|count at MF.scala:399                |   156|15|4|  120|  115|2019-07-08T18:27:26.940GMT|172.31.0.141|PROCESS_LOCAL |   15|      16|    0|app-20190708182722-0145
TASKS|   1|count at MF.scala:399                |   232|15|4|  120|   38|2019-07-08T18:27:27.112GMT|172.31.2.20|PROCESS_LOCAL |   14|  518728| 2230|app-20190708182722-0145
TASKS|   1|count at MF.scala:399                |   134|15|4|  120|  171|2019-07-08T18:27:26.932GMT|172.31.11.83|PROCESS_LOCAL |   12|      16|    0|app-20190708182722-0145
TASKS|   1|count at MF.scala:399                |   230|15|4|  120|   37|2019-07-08T18:27:27.110GMT|172.31.2.20|PROCESS_LOCAL |   10|  518720| 2234|app-20190708182722-0145
TASKS|   1|count at MF.scala:399                |   211|15|4|  120|   56|2019-07-08T18:27:27.080GMT|172.31.12.55|PROCESS_LOCAL |   10|  518736| 2236|app-20190708182722-0145
TASKS|   1|count at MF.scala:399                |   147|15|4|  120|  132|2019-07-08T18:27:26.937GMT|172.31.11.124|PROCESS_LOCAL |   10|      16|    0|app-20190708182722-0145
TASKS|   1|count at MF.scala:399                |   212|15|4|  120|   55|2019-07-08T18:27:27.082GMT|172.31.12.55|PROCESS_LOCAL |    9|  518904| 2236|app-20190708182722-0145
TASKS|   1|count at MF.scala:399                |   179|15|4|  120|  150|2019-07-08T18:27:26.950GMT|172.31.11.83|PROCESS_LOCAL |    9|      16|    0|app-20190708182722-0145
TASKS|   1|count at MF.scala:399                |   145|15|4|  120|  183|2019-07-08T18:27:26.936GMT|172.31.8.10|PROCESS_LOCAL |    9|      16|    0|app-20190708182722-0145
TASKS|   1|count at MF.scala:399                |   214|15|4|  120|   50|2019-07-08T18:27:27.086GMT|172.31.12.55|PROCESS_LOCAL |    8|  518216| 2232|app-20190708182722-0145
TASKS|   1|count at MF.scala:399                |   142|15|4|  120|  182|2019-07-08T18:27:26.935GMT|172.31.2.20|PROCESS_LOCAL |    8|      16|    0|app-20190708182722-0145
TASKS|   1|count at MF.scala:399                |   139|15|4|  120|   74|2019-07-08T18:27:26.934GMT|172.31.11.178|PROCESS_LOCAL |    8|      16|    0|app-20190708182722-0145
TASKS|   1|count at MF.scala:399                |   207|15|4|  120|   61|2019-07-08T18:27:27.070GMT|172.31.0.105|PROCESS_LOCAL |    7|  518712| 2227|app-20190708182722-0145
TASKS|   1|count at MF.scala:399                |   161|15|4|  120|  141|2019-07-08T18:27:26.942GMT|172.31.12.55|PROCESS_LOCAL |    7|      16|    0|app-20190708182722-0145
TASKS|   1|count at MF.scala:399                |   151|15|4|  120|   88|2019-07-08T18:27:26.938GMT|172.31.15.67|PROCESS_LOCAL |    7|      16|    0|app-20190708182722-0145
TASKS|   1|count at MF.scala:399                |   150|15|4|  120|   76|2019-07-08T18:27:26.938GMT|172.31.13.231|PROCESS_LOCAL |    7|      16|    0|app-20190708182722-0145
TASKS|   1|count at MF.scala:399                |   133|15|4|  120|  133|2019-07-08T18:27:26.931GMT|172.31.5.2|PROCESS_LOCAL |    7|      16|    0|app-20190708182722-0145
TASKS|   1|count at MF.scala:399                |   128|15|4|  120|  195|2019-07-08T18:27:26.930GMT|172.31.4.16|PROCESS_LOCAL |    7|      16|    0|app-20190708182722-0145
TASKS|   1|count at MF.scala:399                |   165|15|4|  120|   67|2019-07-08T18:27:26.944GMT|172.31.13.231|PROCESS_LOCAL |    6|      16|    0|app-20190708182722-0145
TASKS|   1|count at MF.scala:399                |   149|15|4|  120|  164|2019-07-08T18:27:26.937GMT|172.31.11.83|PROCESS_LOCAL |    6|      16|    0|app-20190708182722-0145
TASKS|   1|count at MF.scala:399                |   231|15|4|  120|   33|2019-07-08T18:27:27.111GMT|172.31.8.10|PROCESS_LOCAL |    5|      16|    0|app-20190708182722-0145
TASKS|   0|aggregate at SpatialRDD.java:515     |    51|15|4|  120| 1322|2019-07-08T18:27:25.256GMT|172.31.0.141|PROCESS_LOCAL |  484|  196608| 2241|app-20190708182722-0145
TASKS|   0|aggregate at SpatialRDD.java:515     |    36|15|4|  120| 1333|2019-07-08T18:27:25.246GMT|172.31.0.141|PROCESS_LOCAL |  482|  196608| 2250|app-20190708182722-0145
TASKS|   0|aggregate at SpatialRDD.java:515     |     6|15|4|  120| 1339|2019-07-08T18:27:25.229GMT|172.31.0.141|PROCESS_LOCAL |  482|  196608| 2268|app-20190708182722-0145
TASKS|   0|aggregate at SpatialRDD.java:515     |    21|15|4|  120| 1338|2019-07-08T18:27:25.238GMT|172.31.0.141|PROCESS_LOCAL |  481|  196608| 2252|app-20190708182722-0145
TASKS|   0|aggregate at SpatialRDD.java:515     |    42|15|4|  120| 1295|2019-07-08T18:27:25.250GMT|172.31.2.20|PROCESS_LOCAL |  476|  196608| 2246|app-20190708182722-0145
TASKS|   0|aggregate at SpatialRDD.java:515     |    12|15|4|  120| 1333|2019-07-08T18:27:25.233GMT|172.31.2.20|PROCESS_LOCAL |  476|  196608| 2258|app-20190708182722-0145
TASKS|   0|aggregate at SpatialRDD.java:515     |    57|15|4|  120| 1289|2019-07-08T18:27:25.258GMT|172.31.2.20|PROCESS_LOCAL |  472|  196608| 2243|app-20190708182722-0145
TASKS|   0|aggregate at SpatialRDD.java:515     |    27|15|4|  120| 1327|2019-07-08T18:27:25.240GMT|172.31.2.20|PROCESS_LOCAL |  470|  196608| 2253|app-20190708182722-0145
TASKS|   0|aggregate at SpatialRDD.java:515     |   106|15|4|  120|  488|2019-07-08T18:27:26.336GMT|172.31.4.160|PROCESS_LOCAL |  467|  196608| 2222|app-20190708182722-0145
TASKS|   0|aggregate at SpatialRDD.java:515     |   107|15|4|  120|  479|2019-07-08T18:27:26.340GMT|172.31.4.160|PROCESS_LOCAL |  460|  196608| 2226|app-20190708182722-0145
TASKS|   0|aggregate at SpatialRDD.java:515     |   108|15|4|  120|  489|2019-07-08T18:27:26.343GMT|172.31.12.55|PROCESS_LOCAL |  459|  196608| 2236|app-20190708182722-0145
TASKS|   0|aggregate at SpatialRDD.java:515     |   105|15|4|  120|  487|2019-07-08T18:27:26.335GMT|172.31.4.160|PROCESS_LOCAL |  456|  196608| 2218|app-20190708182722-0145
TASKS|   0|aggregate at SpatialRDD.java:515     |   111|15|4|  120|  487|2019-07-08T18:27:26.349GMT|172.31.12.55|PROCESS_LOCAL |  455|  196608| 2232|app-20190708182722-0145
TASKS|   0|aggregate at SpatialRDD.java:515     |   109|15|4|  120|  488|2019-07-08T18:27:26.347GMT|172.31.12.55|PROCESS_LOCAL |  455|  196608| 2236|app-20190708182722-0145
TASKS|   0|aggregate at SpatialRDD.java:515     |   110|15|4|  120|  487|2019-07-08T18:27:26.348GMT|172.31.12.55|PROCESS_LOCAL |  452|  196608| 2234|app-20190708182722-0145
TASKS|   0|aggregate at SpatialRDD.java:515     |    29|15|4|  120| 1091|2019-07-08T18:27:25.242GMT|172.31.4.160|PROCESS_LOCAL |  447|  196608| 2251|app-20190708182722-0145
TASKS|   0|aggregate at SpatialRDD.java:515     |    59|15|4|  120| 1076|2019-07-08T18:27:25.259GMT|172.31.4.160|PROCESS_LOCAL |  446|  196608| 2242|app-20190708182722-0145
TASKS|   0|aggregate at SpatialRDD.java:515     |    44|15|4|  120| 1089|2019-07-08T18:27:25.251GMT|172.31.4.160|PROCESS_LOCAL |  445|  196608| 2235|app-20190708182722-0145
TASKS|   0|aggregate at SpatialRDD.java:515     |    14|15|4|  120| 1103|2019-07-08T18:27:25.234GMT|172.31.4.160|PROCESS_LOCAL |  444|  196608| 2257|app-20190708182722-0145
TASKS|   0|aggregate at SpatialRDD.java:515     |    43|15|4|  120| 1095|2019-07-08T18:27:25.251GMT|172.31.12.55|PROCESS_LOCAL |  436|  196608| 2234|app-20190708182722-0145
TASKS|   0|aggregate at SpatialRDD.java:515     |    28|15|4|  120| 1109|2019-07-08T18:27:25.241GMT|172.31.12.55|PROCESS_LOCAL |  436|  196608| 2252|app-20190708182722-0145
TASKS|   0|aggregate at SpatialRDD.java:515     |    13|15|4|  120| 1114|2019-07-08T18:27:25.234GMT|172.31.12.55|PROCESS_LOCAL |  436|  196608| 2257|app-20190708182722-0145
TASKS|   0|aggregate at SpatialRDD.java:515     |    58|15|4|  120| 1085|2019-07-08T18:27:25.259GMT|172.31.12.55|PROCESS_LOCAL |  435|  196608| 2244|app-20190708182722-0145
TASKS|   0|aggregate at SpatialRDD.java:515     |    23|15|4|  120| 1088|2019-07-08T18:27:25.239GMT|172.31.11.83|PROCESS_LOCAL |  435|  196608| 2252|app-20190708182722-0145
TASKS|   0|aggregate at SpatialRDD.java:515     |     2|15|4|  120| 1067|2019-07-08T18:27:25.227GMT|172.31.15.67|PROCESS_LOCAL |  432|  196608| 2269|app-20190708182722-0145
