EXECUTORS|9|15|4|311|666|11.26s|19.59MB|172.31.11.124:40207|app-20190707204452-0037
EXECUTORS|8|15|4|317|675|11.28s|11.59MB|172.31.12.55:40853|app-20190707204452-0037
EXECUTORS|7|15|4|327|689|11.15s|13.77MB|172.31.13.231:37901|app-20190707204452-0037
EXECUTORS|6|15|4|320|670|11.22s|18.55MB|172.31.6.192:39063|app-20190707204452-0037
EXECUTORS|5|15|4|302|641|11.01s|17.39MB|172.31.11.83:41185|app-20190707204452-0037
EXECUTORS|4|15|4|311|651|11.06s|15.05MB|172.31.5.2:43413|app-20190707204452-0037
EXECUTORS|3|15|4|303|638|11.00s|15.98MB|172.31.2.20:36589|app-20190707204452-0037
EXECUTORS|2|15|4|318|668|11.36s|13.45MB|172.31.0.141:38973|app-20190707204452-0037
EXECUTORS|14|15|4|324|680|11.27s|15.93MB|172.31.8.10:33839|app-20190707204452-0037
EXECUTORS|13|15|4|320|681|11.17s|14.12MB|172.31.15.67:38591|app-20190707204452-0037
EXECUTORS|12|15|4|320|669|10.95s|13.32MB|172.31.4.16:46621|app-20190707204452-0037
EXECUTORS|11|15|4|313|663|11.51s|25.07MB|172.31.0.105:45659|app-20190707204452-0037
EXECUTORS|10|15|4|321|677|43.64s|24.88MB|172.31.11.178:38589|app-20190707204452-0037
EXECUTORS|1|15|4|314|659|10.96s|11.15MB|172.31.4.160:35719|app-20190707204452-0037
EXECUTORS|0|15|4|341|715|11.25s|12.80MB|172.31.5.79:42537|app-20190707204452-0037
STAGES|  39|count at MF.scala:177                |15|4|2019-07-07T20:45:08.621GMT|2019-07-07T20:47:19.017GMT| 221|134502|130461071902|11680232|19681|0|0|app-20190707204452-0037
STAGES|  32|count at MF.scala:135                |15|4|2019-07-07T20:45:08.304GMT|2019-07-07T20:45:08.595GMT| 221|2400|568814610|0|0|1024008|19681|app-20190707204452-0037
STAGES|  31|flatMapToPair at SpatialRDD.java:347 |15|4|2019-07-07T20:45:08.167GMT|2019-07-07T20:45:08.288GMT| 180|754|566443082|7044672|19681|0|0|app-20190707204452-0037
STAGES|  25|aggregate at SpatialRDD.java:515     |15|4|2019-07-07T20:45:07.975GMT|2019-07-07T20:45:08.143GMT| 180|5236|2278430773|0|0|3555756|28611|app-20190707204452-0037
STAGES|  19|count at MF.scala:124                |15|4|2019-07-07T20:45:07.804GMT|2019-07-07T20:45:07.952GMT| 180|3593|1624527313|0|0|3555756|28611|app-20190707204452-0037
STAGES|  18|distinct at MF.scala:123             |15|4|2019-07-07T20:45:07.354GMT|2019-07-07T20:45:07.787GMT| 180|17557|8765715310|0|0|7158055|89641|app-20190707204452-0037
STAGES|  17|map at MF.scala:110                  |15|4|2019-07-07T20:45:06.573GMT|2019-07-07T20:45:07.353GMT|1005|20074|9227524202|33920944|907|2190889|119213|app-20190707204452-0037
STAGES|  16|flatMapToPair at SpatialRDD.java:347 |15|4|2019-07-07T20:45:04.948GMT|2019-07-07T20:45:06.559GMT|2010|9059|5206350462|6434432|50230|0|0|app-20190707204452-0037
STAGES|  13|aggregate at SpatialRDD.java:515     |15|4|2019-07-07T20:45:02.694GMT|2019-07-07T20:45:04.852GMT|2010|21878|7567585413|67841888|2010|2958890|74120|app-20190707204452-0037
STAGES|  10|count at MF.scala:98                 |15|4|2019-07-07T20:45:00.965GMT|2019-07-07T20:45:02.603GMT|2010|15805|6291837990|67841888|2010|2958890|74120|app-20190707204452-0037
STAGES|   7|count at MF.scala:84                 |15|4|2019-07-07T20:44:59.005GMT|2019-07-07T20:45:00.859GMT|1005|66839|11510038473|0|0|2516379|63126|app-20190707204452-0037
STAGES|   6|flatMapToPair at SpatialRDD.java:347 |15|4|2019-07-07T20:44:58.248GMT|2019-07-07T20:44:58.957GMT| 120|2437|959488353|6037568|26066|0|0|app-20190707204452-0037
STAGES|   5|flatMapToPair at SpatialRDD.java:347 |15|4|2019-07-07T20:44:58.216GMT|2019-07-07T20:44:58.760GMT| 120|7117|2116795961|6037568|26066|0|0|app-20190707204452-0037
STAGES|   4|count at MF.scala:68                 |15|4|2019-07-07T20:44:57.870GMT|2019-07-07T20:44:58.119GMT| 120|312|93564698|6037568|26066|0|0|app-20190707204452-0037
STAGES|   3|aggregate at SpatialRDD.java:515     |15|4|2019-07-07T20:44:57.589GMT|2019-07-07T20:44:57.839GMT| 120|392|132863702|6037568|26066|0|0|app-20190707204452-0037
STAGES|   2|collect at SpatialRDD.java:248       |15|4|2019-07-07T20:44:57.169GMT|2019-07-07T20:44:57.419GMT| 120|721|204712546|6037568|26066|0|0|app-20190707204452-0037
STAGES|   1|count at MF.scala:399                |15|4|2019-07-07T20:44:56.860GMT|2019-07-07T20:44:57.126GMT| 120|391|185771166|6037568|26066|0|0|app-20190707204452-0037
STAGES|   0|aggregate at SpatialRDD.java:515     |15|4|2019-07-07T20:44:55.277GMT|2019-07-07T20:44:56.823GMT| 120|33297|9489214905|23422037|269011|0|0|app-20190707204452-0037
TASKS|  39|count at MF.scala:177                |  9954|15|4|  221|130282|2019-07-07T20:45:08.734GMT|172.31.11.178|PROCESS_LOCAL |130279|11440272|19229|app-20190707204452-0037
TASKS|  39|count at MF.scala:177                |  9881|15|4|  221|   75|2019-07-07T20:45:08.668GMT|172.31.2.20|PROCESS_LOCAL |   52|      16|    0|app-20190707204452-0037
TASKS|  39|count at MF.scala:177                |  9884|15|4|  221|   75|2019-07-07T20:45:08.670GMT|172.31.2.20|PROCESS_LOCAL |   50|    3112|    6|app-20190707204452-0037
TASKS|  39|count at MF.scala:177                |  9883|15|4|  221|   71|2019-07-07T20:45:08.670GMT|172.31.2.20|PROCESS_LOCAL |   48|      16|    0|app-20190707204452-0037
TASKS|  39|count at MF.scala:177                |  9882|15|4|  221|   70|2019-07-07T20:45:08.669GMT|172.31.2.20|PROCESS_LOCAL |   48|      16|    0|app-20190707204452-0037
TASKS|  39|count at MF.scala:177                |  9885|15|4|  221|   61|2019-07-07T20:45:08.671GMT|172.31.11.178|PROCESS_LOCAL |   42|      16|    0|app-20190707204452-0037
TASKS|  39|count at MF.scala:177                |  9940|15|4|  221|   81|2019-07-07T20:45:08.720GMT|172.31.5.79|PROCESS_LOCAL |   40|  124880|  240|app-20190707204452-0037
TASKS|  39|count at MF.scala:177                |  9887|15|4|  221|   62|2019-07-07T20:45:08.672GMT|172.31.11.178|PROCESS_LOCAL |   40|      16|    0|app-20190707204452-0037
TASKS|  39|count at MF.scala:177                |  9886|15|4|  221|   61|2019-07-07T20:45:08.672GMT|172.31.11.178|PROCESS_LOCAL |   40|      16|    0|app-20190707204452-0037
TASKS|  39|count at MF.scala:177                |  9866|15|4|  221|   75|2019-07-07T20:45:08.639GMT|172.31.11.83|PROCESS_LOCAL |   39|      16|    0|app-20190707204452-0037
TASKS|  39|count at MF.scala:177                |  9851|15|4|  221|   80|2019-07-07T20:45:08.636GMT|172.31.11.83|PROCESS_LOCAL |   39|     680|    1|app-20190707204452-0037
TASKS|  39|count at MF.scala:177                |  9836|15|4|  221|   79|2019-07-07T20:45:08.634GMT|172.31.11.83|PROCESS_LOCAL |   39|      16|    0|app-20190707204452-0037
TASKS|  39|count at MF.scala:177                |  9821|15|4|  221|   84|2019-07-07T20:45:08.631GMT|172.31.11.83|PROCESS_LOCAL |   38|      16|    0|app-20190707204452-0037
TASKS|  39|count at MF.scala:177                |  9842|15|4|  221|   77|2019-07-07T20:45:08.635GMT|172.31.0.105|PROCESS_LOCAL |   37|     680|    1|app-20190707204452-0037
TASKS|  39|count at MF.scala:177                |  9827|15|4|  221|   80|2019-07-07T20:45:08.632GMT|172.31.0.105|PROCESS_LOCAL |   37|    5544|   11|app-20190707204452-0037
TASKS|  39|count at MF.scala:177                |  9850|15|4|  221|   83|2019-07-07T20:45:08.636GMT|172.31.5.79|PROCESS_LOCAL |   36|    2144|    4|app-20190707204452-0037
TASKS|  39|count at MF.scala:177                |  9919|15|4|  221|   72|2019-07-07T20:45:08.699GMT|172.31.0.105|PROCESS_LOCAL |   35|      16|    0|app-20190707204452-0037
TASKS|  39|count at MF.scala:177                |  9898|15|4|  221|   61|2019-07-07T20:45:08.682GMT|172.31.4.16|PROCESS_LOCAL |   35|     680|    1|app-20190707204452-0037
TASKS|  39|count at MF.scala:177                |  9878|15|4|  221|   67|2019-07-07T20:45:08.641GMT|172.31.12.55|PROCESS_LOCAL |   35|      16|    0|app-20190707204452-0037
TASKS|  39|count at MF.scala:177                |  9835|15|4|  221|   86|2019-07-07T20:45:08.634GMT|172.31.5.79|PROCESS_LOCAL |   35|      16|    0|app-20190707204452-0037
TASKS|  39|count at MF.scala:177                |  9911|15|4|  221|   69|2019-07-07T20:45:08.694GMT|172.31.15.67|PROCESS_LOCAL |   34|      16|    0|app-20190707204452-0037
TASKS|  39|count at MF.scala:177                |  9910|15|4|  221|   70|2019-07-07T20:45:08.691GMT|172.31.15.67|PROCESS_LOCAL |   34|      16|    0|app-20190707204452-0037
TASKS|  39|count at MF.scala:177                |  9900|15|4|  221|   58|2019-07-07T20:45:08.683GMT|172.31.4.16|PROCESS_LOCAL |   34|      16|    0|app-20190707204452-0037
TASKS|  39|count at MF.scala:177                |  9880|15|4|  221|   78|2019-07-07T20:45:08.641GMT|172.31.5.79|PROCESS_LOCAL |   34|      16|    0|app-20190707204452-0037
TASKS|  39|count at MF.scala:177                |  9865|15|4|  221|   78|2019-07-07T20:45:08.639GMT|172.31.5.79|PROCESS_LOCAL |   34|     680|    1|app-20190707204452-0037
TASKS|  32|count at MF.scala:135                |  9745|15|4|  221|  157|2019-07-07T20:45:08.438GMT|172.31.11.178|PROCESS_LOCAL |  153|       0|    0|app-20190707204452-0037
TASKS|  32|count at MF.scala:135                |  9658|15|4|  221|   88|2019-07-07T20:45:08.325GMT|172.31.12.55|PROCESS_LOCAL |   30|       0|    0|app-20190707204452-0037
TASKS|  32|count at MF.scala:135                |  9609|15|4|  221|   91|2019-07-07T20:45:08.315GMT|172.31.2.20|NODE_LOCAL    |   30|       0|    0|app-20190707204452-0037
TASKS|  32|count at MF.scala:135                |  9631|15|4|  221|   88|2019-07-07T20:45:08.319GMT|172.31.5.79|NODE_LOCAL    |   29|       0|    0|app-20190707204452-0037
TASKS|  32|count at MF.scala:135                |  9624|15|4|  221|   87|2019-07-07T20:45:08.318GMT|172.31.2.20|NODE_LOCAL    |   29|       0|    0|app-20190707204452-0037
TASKS|  32|count at MF.scala:135                |  9659|15|4|  221|   77|2019-07-07T20:45:08.325GMT|172.31.4.16|PROCESS_LOCAL |   28|       0|    0|app-20190707204452-0037
TASKS|  32|count at MF.scala:135                |  9626|15|4|  221|   82|2019-07-07T20:45:08.318GMT|172.31.0.105|NODE_LOCAL    |   28|       0|    0|app-20190707204452-0037
TASKS|  32|count at MF.scala:135                |  9608|15|4|  221|   84|2019-07-07T20:45:08.315GMT|172.31.6.192|NODE_LOCAL    |   28|       0|    0|app-20190707204452-0037
TASKS|  32|count at MF.scala:135                |  9628|15|4|  221|   91|2019-07-07T20:45:08.319GMT|172.31.12.55|NODE_LOCAL    |   27|       0|    0|app-20190707204452-0037
TASKS|  32|count at MF.scala:135                |  9618|15|4|  221|   84|2019-07-07T20:45:08.317GMT|172.31.5.2|NODE_LOCAL    |   27|       0|    0|app-20190707204452-0037
TASKS|  32|count at MF.scala:135                |  9615|15|4|  221|   78|2019-07-07T20:45:08.316GMT|172.31.4.160|NODE_LOCAL    |   27|       0|    0|app-20190707204452-0037
TASKS|  32|count at MF.scala:135                |  9600|15|4|  221|   82|2019-07-07T20:45:08.313GMT|172.31.4.160|NODE_LOCAL    |   27|       0|    0|app-20190707204452-0037
TASKS|  32|count at MF.scala:135                |  9661|15|4|  221|   82|2019-07-07T20:45:08.354GMT|172.31.4.160|PROCESS_LOCAL |   26|       0|    0|app-20190707204452-0037
TASKS|  32|count at MF.scala:135                |  9649|15|4|  221|   88|2019-07-07T20:45:08.323GMT|172.31.12.55|PROCESS_LOCAL |   26|       0|    0|app-20190707204452-0037
TASKS|  32|count at MF.scala:135                |  9619|15|4|  221|   82|2019-07-07T20:45:08.317GMT|172.31.11.124|NODE_LOCAL    |   26|       0|    0|app-20190707204452-0037
TASKS|  32|count at MF.scala:135                |  9614|15|4|  221|   96|2019-07-07T20:45:08.316GMT|172.31.12.55|NODE_LOCAL    |   26|       0|    0|app-20190707204452-0037
TASKS|  32|count at MF.scala:135                |  9606|15|4|  221|   83|2019-07-07T20:45:08.314GMT|172.31.0.141|NODE_LOCAL    |   26|       0|    0|app-20190707204452-0037
TASKS|  32|count at MF.scala:135                |  9662|15|4|  221|   67|2019-07-07T20:45:08.354GMT|172.31.11.124|PROCESS_LOCAL |   25|       0|    0|app-20190707204452-0037
TASKS|  32|count at MF.scala:135                |  9715|15|4|  221|   77|2019-07-07T20:45:08.408GMT|172.31.5.79|PROCESS_LOCAL |   24|       0|    0|app-20190707204452-0037
TASKS|  32|count at MF.scala:135                |  9666|15|4|  221|   67|2019-07-07T20:45:08.355GMT|172.31.6.192|PROCESS_LOCAL |   24|       0|    0|app-20190707204452-0037
TASKS|  32|count at MF.scala:135                |  9663|15|4|  221|   70|2019-07-07T20:45:08.354GMT|172.31.0.141|PROCESS_LOCAL |   24|       0|    0|app-20190707204452-0037
TASKS|  32|count at MF.scala:135                |  9627|15|4|  221|   84|2019-07-07T20:45:08.319GMT|172.31.11.83|NODE_LOCAL    |   24|       0|    0|app-20190707204452-0037
TASKS|  32|count at MF.scala:135                |  9621|15|4|  221|   78|2019-07-07T20:45:08.318GMT|172.31.0.141|NODE_LOCAL    |   24|       0|    0|app-20190707204452-0037
TASKS|  32|count at MF.scala:135                |  9672|15|4|  221|   74|2019-07-07T20:45:08.356GMT|172.31.15.67|PROCESS_LOCAL |   23|       0|    0|app-20190707204452-0037
TASKS|  32|count at MF.scala:135                |  9664|15|4|  221|   66|2019-07-07T20:45:08.354GMT|172.31.6.192|PROCESS_LOCAL |   23|       0|    0|app-20190707204452-0037
TASKS|  31|flatMapToPair at SpatialRDD.java:347 |  9458|15|4|  180|   83|2019-07-07T20:45:08.181GMT|172.31.4.16|PROCESS_LOCAL |   32|   69832|  198|app-20190707204452-0037
TASKS|  31|flatMapToPair at SpatialRDD.java:347 |  9447|15|4|  180|   82|2019-07-07T20:45:08.180GMT|172.31.8.10|PROCESS_LOCAL |   25|   90232|  243|app-20190707204452-0037
TASKS|  31|flatMapToPair at SpatialRDD.java:347 |  9429|15|4|  180|   68|2019-07-07T20:45:08.178GMT|172.31.13.231|PROCESS_LOCAL |   21|   92384|  251|app-20190707204452-0037
TASKS|  31|flatMapToPair at SpatialRDD.java:347 |  9435|15|4|  180|   76|2019-07-07T20:45:08.179GMT|172.31.4.160|PROCESS_LOCAL |   19|   68576|  198|app-20190707204452-0037
TASKS|  31|flatMapToPair at SpatialRDD.java:347 |  9428|15|4|  180|   66|2019-07-07T20:45:08.178GMT|172.31.4.16|PROCESS_LOCAL |   18|   67992|  197|app-20190707204452-0037
TASKS|  31|flatMapToPair at SpatialRDD.java:347 |  9425|15|4|  180|   65|2019-07-07T20:45:08.177GMT|172.31.12.55|PROCESS_LOCAL |   18|   76912|  209|app-20190707204452-0037
TASKS|  31|flatMapToPair at SpatialRDD.java:347 |  9526|15|4|  180|   47|2019-07-07T20:45:08.226GMT|172.31.0.105|PROCESS_LOCAL |   17|   74736|  207|app-20190707204452-0037
TASKS|  31|flatMapToPair at SpatialRDD.java:347 |  9465|15|4|  180|   49|2019-07-07T20:45:08.182GMT|172.31.4.160|PROCESS_LOCAL |   16|   80176|  224|app-20190707204452-0037
TASKS|  31|flatMapToPair at SpatialRDD.java:347 |  9471|15|4|  180|   57|2019-07-07T20:45:08.183GMT|172.31.6.192|PROCESS_LOCAL |   15|   70280|  207|app-20190707204452-0037
TASKS|  31|flatMapToPair at SpatialRDD.java:347 |  9469|15|4|  180|   53|2019-07-07T20:45:08.183GMT|172.31.11.124|PROCESS_LOCAL |   15|   76792|  205|app-20190707204452-0037
TASKS|  31|flatMapToPair at SpatialRDD.java:347 |  9466|15|4|  180|   53|2019-07-07T20:45:08.182GMT|172.31.0.141|PROCESS_LOCAL |   14|   81208|  225|app-20190707204452-0037
TASKS|  31|flatMapToPair at SpatialRDD.java:347 |  9441|15|4|  180|   60|2019-07-07T20:45:08.179GMT|172.31.6.192|PROCESS_LOCAL |   14|   85432|  231|app-20190707204452-0037
TASKS|  31|flatMapToPair at SpatialRDD.java:347 |  9498|15|4|  180|   40|2019-07-07T20:45:08.213GMT|172.31.6.192|PROCESS_LOCAL |   13|   68888|  193|app-20190707204452-0037
TASKS|  31|flatMapToPair at SpatialRDD.java:347 |  9494|15|4|  180|   40|2019-07-07T20:45:08.211GMT|172.31.4.16|PROCESS_LOCAL |   13|   75600|  218|app-20190707204452-0037
TASKS|  31|flatMapToPair at SpatialRDD.java:347 |  9486|15|4|  180|   57|2019-07-07T20:45:08.207GMT|172.31.12.55|PROCESS_LOCAL |   13|   78512|  222|app-20190707204452-0037
TASKS|  31|flatMapToPair at SpatialRDD.java:347 |  9557|15|4|  180|   33|2019-07-07T20:45:08.248GMT|172.31.11.178|PROCESS_LOCAL |   12|   87304|  246|app-20190707204452-0037
TASKS|  31|flatMapToPair at SpatialRDD.java:347 |  9430|15|4|  180|   80|2019-07-07T20:45:08.178GMT|172.31.11.83|PROCESS_LOCAL |   12|   78800|  217|app-20190707204452-0037
TASKS|  31|flatMapToPair at SpatialRDD.java:347 |  9422|15|4|  180|   47|2019-07-07T20:45:08.177GMT|172.31.5.79|PROCESS_LOCAL |   12|   76768|  213|app-20190707204452-0037
TASKS|  31|flatMapToPair at SpatialRDD.java:347 |  9436|15|4|  180|   43|2019-07-07T20:45:08.179GMT|172.31.0.141|PROCESS_LOCAL |   10|   63880|  176|app-20190707204452-0037
TASKS|  31|flatMapToPair at SpatialRDD.java:347 |  9459|15|4|  180|   43|2019-07-07T20:45:08.181GMT|172.31.13.231|PROCESS_LOCAL |    9|   74112|  198|app-20190707204452-0037
TASKS|  31|flatMapToPair at SpatialRDD.java:347 |  9448|15|4|  180|   53|2019-07-07T20:45:08.180GMT|172.31.5.2|PROCESS_LOCAL |    9|   80736|  235|app-20190707204452-0037
TASKS|  31|flatMapToPair at SpatialRDD.java:347 |  9431|15|4|  180|   61|2019-07-07T20:45:08.178GMT|172.31.15.67|PROCESS_LOCAL |    9|   73088|  205|app-20190707204452-0037
TASKS|  31|flatMapToPair at SpatialRDD.java:347 |  9492|15|4|  180|   40|2019-07-07T20:45:08.211GMT|172.31.12.55|PROCESS_LOCAL |    7|   61776|  171|app-20190707204452-0037
TASKS|  31|flatMapToPair at SpatialRDD.java:347 |  9449|15|4|  180|   49|2019-07-07T20:45:08.180GMT|172.31.0.105|PROCESS_LOCAL |    7|   81968|  222|app-20190707204452-0037
TASKS|  31|flatMapToPair at SpatialRDD.java:347 |  9523|15|4|  180|   43|2019-07-07T20:45:08.225GMT|172.31.15.67|PROCESS_LOCAL |    6|   88336|  244|app-20190707204452-0037
TASKS|  25|aggregate at SpatialRDD.java:515     |  9279|15|4|  180|  109|2019-07-07T20:45:07.988GMT|172.31.12.55|PROCESS_LOCAL |   78|       0|    0|app-20190707204452-0037
TASKS|  25|aggregate at SpatialRDD.java:515     |  9243|15|4|  180|  108|2019-07-07T20:45:07.983GMT|172.31.13.231|PROCESS_LOCAL |   78|       0|    0|app-20190707204452-0037
TASKS|  25|aggregate at SpatialRDD.java:515     |  9283|15|4|  180|  101|2019-07-07T20:45:07.989GMT|172.31.5.79|PROCESS_LOCAL |   71|       0|    0|app-20190707204452-0037
TASKS|  25|aggregate at SpatialRDD.java:515     |  9319|15|4|  180|   73|2019-07-07T20:45:08.030GMT|172.31.12.55|PROCESS_LOCAL |   68|       0|    0|app-20190707204452-0037
TASKS|  25|aggregate at SpatialRDD.java:515     |  9245|15|4|  180|  101|2019-07-07T20:45:07.984GMT|172.31.15.67|PROCESS_LOCAL |   67|       0|    0|app-20190707204452-0037
TASKS|  25|aggregate at SpatialRDD.java:515     |  9263|15|4|  180|   97|2019-07-07T20:45:07.986GMT|172.31.11.124|PROCESS_LOCAL |   64|       0|    0|app-20190707204452-0037
TASKS|  25|aggregate at SpatialRDD.java:515     |  9293|15|4|  180|   84|2019-07-07T20:45:07.990GMT|172.31.11.124|PROCESS_LOCAL |   62|       0|    0|app-20190707204452-0037
TASKS|  25|aggregate at SpatialRDD.java:515     |  9265|15|4|  180|   83|2019-07-07T20:45:07.986GMT|172.31.6.192|PROCESS_LOCAL |   62|       0|    0|app-20190707204452-0037
TASKS|  25|aggregate at SpatialRDD.java:515     |  9269|15|4|  180|   87|2019-07-07T20:45:07.987GMT|172.31.8.10|PROCESS_LOCAL |   61|       0|    0|app-20190707204452-0037
TASKS|  25|aggregate at SpatialRDD.java:515     |  9247|15|4|  180|   93|2019-07-07T20:45:07.984GMT|172.31.2.20|PROCESS_LOCAL |   61|       0|    0|app-20190707204452-0037
TASKS|  25|aggregate at SpatialRDD.java:515     |  9287|15|4|  180|   80|2019-07-07T20:45:07.990GMT|172.31.4.160|PROCESS_LOCAL |   60|       0|    0|app-20190707204452-0037
TASKS|  25|aggregate at SpatialRDD.java:515     |  9377|15|4|  180|   63|2019-07-07T20:45:08.071GMT|172.31.5.2|PROCESS_LOCAL |   59|       0|    0|app-20190707204452-0037
TASKS|  25|aggregate at SpatialRDD.java:515     |  9347|15|4|  180|   62|2019-07-07T20:45:08.053GMT|172.31.0.141|PROCESS_LOCAL |   59|       0|    0|app-20190707204452-0037
TASKS|  25|aggregate at SpatialRDD.java:515     |  9251|15|4|  180|   98|2019-07-07T20:45:07.985GMT|172.31.4.16|PROCESS_LOCAL |   59|       0|    0|app-20190707204452-0037
TASKS|  25|aggregate at SpatialRDD.java:515     |  9349|15|4|  180|   65|2019-07-07T20:45:08.054GMT|172.31.4.160|PROCESS_LOCAL |   57|       0|    0|app-20190707204452-0037
TASKS|  25|aggregate at SpatialRDD.java:515     |  9271|15|4|  180|   81|2019-07-07T20:45:07.987GMT|172.31.11.83|PROCESS_LOCAL |   57|       0|    0|app-20190707204452-0037
TASKS|  25|aggregate at SpatialRDD.java:515     |  9253|15|4|  180|   89|2019-07-07T20:45:07.985GMT|172.31.5.79|PROCESS_LOCAL |   57|       0|    0|app-20190707204452-0037
TASKS|  25|aggregate at SpatialRDD.java:515     |  9281|15|4|  180|   93|2019-07-07T20:45:07.989GMT|172.31.4.16|PROCESS_LOCAL |   54|       0|    0|app-20190707204452-0037
TASKS|  25|aggregate at SpatialRDD.java:515     |  9337|15|4|  180|   58|2019-07-07T20:45:08.044GMT|172.31.0.141|PROCESS_LOCAL |   53|       0|    0|app-20190707204452-0037
TASKS|  25|aggregate at SpatialRDD.java:515     |  9315|15|4|  180|   63|2019-07-07T20:45:08.028GMT|172.31.0.105|PROCESS_LOCAL |   53|       0|    0|app-20190707204452-0037
TASKS|  25|aggregate at SpatialRDD.java:515     |  9325|15|4|  180|   63|2019-07-07T20:45:08.035GMT|172.31.11.124|PROCESS_LOCAL |   52|       0|    0|app-20190707204452-0037
TASKS|  25|aggregate at SpatialRDD.java:515     |  9311|15|4|  180|   57|2019-07-07T20:45:08.024GMT|172.31.5.79|PROCESS_LOCAL |   52|       0|    0|app-20190707204452-0037
TASKS|  25|aggregate at SpatialRDD.java:515     |  9273|15|4|  180|   80|2019-07-07T20:45:07.988GMT|172.31.13.231|PROCESS_LOCAL |   52|       0|    0|app-20190707204452-0037
TASKS|  25|aggregate at SpatialRDD.java:515     |  9241|15|4|  180|   78|2019-07-07T20:45:07.983GMT|172.31.11.83|PROCESS_LOCAL |   52|       0|    0|app-20190707204452-0037
TASKS|  25|aggregate at SpatialRDD.java:515     |  9393|15|4|  180|   56|2019-07-07T20:45:08.083GMT|172.31.11.124|PROCESS_LOCAL |   51|       0|    0|app-20190707204452-0037
TASKS|  19|count at MF.scala:124                |  9119|15|4|  180|  105|2019-07-07T20:45:07.824GMT|172.31.0.105|PROCESS_LOCAL |   84|       0|    0|app-20190707204452-0037
TASKS|  19|count at MF.scala:124                |  9087|15|4|  180|  111|2019-07-07T20:45:07.819GMT|172.31.4.16|PROCESS_LOCAL |   83|       0|    0|app-20190707204452-0037
TASKS|  19|count at MF.scala:124                |  9073|15|4|  180|  112|2019-07-07T20:45:07.816GMT|172.31.4.160|PROCESS_LOCAL |   80|       0|    0|app-20190707204452-0037
TASKS|  19|count at MF.scala:124                |  9117|15|4|  180|   97|2019-07-07T20:45:07.824GMT|172.31.4.16|PROCESS_LOCAL |   67|       0|    0|app-20190707204452-0037
TASKS|  19|count at MF.scala:124                |  9139|15|4|  180|   69|2019-07-07T20:45:07.858GMT|172.31.4.16|PROCESS_LOCAL |   60|       0|    0|app-20190707204452-0037
TASKS|  19|count at MF.scala:124                |  9067|15|4|  180|   99|2019-07-07T20:45:07.816GMT|172.31.5.2|PROCESS_LOCAL |   59|       0|    0|app-20190707204452-0037
TASKS|  19|count at MF.scala:124                |  9147|15|4|  180|   65|2019-07-07T20:45:07.863GMT|172.31.0.105|PROCESS_LOCAL |   56|       0|    0|app-20190707204452-0037
TASKS|  19|count at MF.scala:124                |  9115|15|4|  180|   81|2019-07-07T20:45:07.823GMT|172.31.11.83|PROCESS_LOCAL |   56|       0|    0|app-20190707204452-0037
TASKS|  19|count at MF.scala:124                |  9089|15|4|  180|   93|2019-07-07T20:45:07.819GMT|172.31.0.105|PROCESS_LOCAL |   56|       0|    0|app-20190707204452-0037
TASKS|  19|count at MF.scala:124                |  9077|15|4|  180|   86|2019-07-07T20:45:07.817GMT|172.31.11.124|PROCESS_LOCAL |   51|       0|    0|app-20190707204452-0037
TASKS|  19|count at MF.scala:124                |  9071|15|4|  180|   86|2019-07-07T20:45:07.816GMT|172.31.15.67|PROCESS_LOCAL |   50|       0|    0|app-20190707204452-0037
TASKS|  19|count at MF.scala:124                |  9113|15|4|  180|   79|2019-07-07T20:45:07.823GMT|172.31.8.10|PROCESS_LOCAL |   49|       0|    0|app-20190707204452-0037
TASKS|  19|count at MF.scala:124                |  9099|15|4|  180|   79|2019-07-07T20:45:07.821GMT|172.31.6.192|PROCESS_LOCAL |   47|       0|    0|app-20190707204452-0037
TASKS|  19|count at MF.scala:124                |  9085|15|4|  180|   88|2019-07-07T20:45:07.818GMT|172.31.11.83|PROCESS_LOCAL |   47|       0|    0|app-20190707204452-0037
TASKS|  19|count at MF.scala:124                |  9111|15|4|  180|   66|2019-07-07T20:45:07.823GMT|172.31.12.55|PROCESS_LOCAL |   46|       0|    0|app-20190707204452-0037
TASKS|  19|count at MF.scala:124                |  9125|15|4|  180|   74|2019-07-07T20:45:07.851GMT|172.31.4.160|PROCESS_LOCAL |   45|       0|    0|app-20190707204452-0037
TASKS|  19|count at MF.scala:124                |  9107|15|4|  180|   72|2019-07-07T20:45:07.822GMT|172.31.11.124|PROCESS_LOCAL |   44|       0|    0|app-20190707204452-0037
TASKS|  19|count at MF.scala:124                |  9097|15|4|  180|   88|2019-07-07T20:45:07.820GMT|172.31.5.2|PROCESS_LOCAL |   44|       0|    0|app-20190707204452-0037
TASKS|  19|count at MF.scala:124                |  9143|15|4|  180|   59|2019-07-07T20:45:07.860GMT|172.31.13.231|PROCESS_LOCAL |   43|       0|    0|app-20190707204452-0037
TASKS|  19|count at MF.scala:124                |  9079|15|4|  180|   82|2019-07-07T20:45:07.817GMT|172.31.0.141|PROCESS_LOCAL |   43|       0|    0|app-20190707204452-0037
TASKS|  19|count at MF.scala:124                |  9129|15|4|  180|   57|2019-07-07T20:45:07.854GMT|172.31.5.2|PROCESS_LOCAL |   42|       0|    0|app-20190707204452-0037
TASKS|  19|count at MF.scala:124                |  9095|15|4|  180|   73|2019-07-07T20:45:07.820GMT|172.31.13.231|PROCESS_LOCAL |   42|       0|    0|app-20190707204452-0037
TASKS|  19|count at MF.scala:124                |  9072|15|4|  180|   83|2019-07-07T20:45:07.816GMT|172.31.4.16|PROCESS_LOCAL |   42|       0|    0|app-20190707204452-0037
TASKS|  19|count at MF.scala:124                |  9175|15|4|  180|   50|2019-07-07T20:45:07.880GMT|172.31.0.105|PROCESS_LOCAL |   41|       0|    0|app-20190707204452-0037
TASKS|  19|count at MF.scala:124                |  9159|15|4|  180|   50|2019-07-07T20:45:07.873GMT|172.31.13.231|PROCESS_LOCAL |   40|       0|    0|app-20190707204452-0037
TASKS|  18|distinct at MF.scala:123             |  8933|15|4|  180|  333|2019-07-07T20:45:07.368GMT|172.31.5.79|PROCESS_LOCAL |  314|       0|    0|app-20190707204452-0037
TASKS|  18|distinct at MF.scala:123             |  8883|15|4|  180|  319|2019-07-07T20:45:07.362GMT|172.31.0.141|PROCESS_LOCAL |  287|       0|    0|app-20190707204452-0037
TASKS|  18|distinct at MF.scala:123             |  8913|15|4|  180|  315|2019-07-07T20:45:07.366GMT|172.31.0.141|PROCESS_LOCAL |  286|       0|    0|app-20190707204452-0037
TASKS|  18|distinct at MF.scala:123             |  8903|15|4|  180|  309|2019-07-07T20:45:07.365GMT|172.31.5.79|PROCESS_LOCAL |  286|       0|    0|app-20190707204452-0037
TASKS|  18|distinct at MF.scala:123             |  8909|15|4|  180|  296|2019-07-07T20:45:07.365GMT|172.31.4.16|PROCESS_LOCAL |  273|       0|    0|app-20190707204452-0037
TASKS|  18|distinct at MF.scala:123             |  8893|15|4|  180|  296|2019-07-07T20:45:07.363GMT|172.31.11.83|PROCESS_LOCAL |  272|       0|    0|app-20190707204452-0037
TASKS|  18|distinct at MF.scala:123             |  8925|15|4|  180|  293|2019-07-07T20:45:07.367GMT|172.31.12.55|PROCESS_LOCAL |  271|       0|    0|app-20190707204452-0037
TASKS|  18|distinct at MF.scala:123             |  8935|15|4|  180|  289|2019-07-07T20:45:07.368GMT|172.31.6.192|PROCESS_LOCAL |  268|       0|    0|app-20190707204452-0037
TASKS|  18|distinct at MF.scala:123             |  8905|15|4|  180|  283|2019-07-07T20:45:07.365GMT|172.31.6.192|PROCESS_LOCAL |  253|       0|    0|app-20190707204452-0037
TASKS|  18|distinct at MF.scala:123             |  8947|15|4|  180|  268|2019-07-07T20:45:07.414GMT|172.31.0.141|PROCESS_LOCAL |  248|       0|    0|app-20190707204452-0037
TASKS|  18|distinct at MF.scala:123             |  8965|15|4|  180|  251|2019-07-07T20:45:07.426GMT|172.31.5.2|PROCESS_LOCAL |  246|       0|    0|app-20190707204452-0037
TASKS|  18|distinct at MF.scala:123             |  8953|15|4|  180|  262|2019-07-07T20:45:07.418GMT|172.31.0.141|PROCESS_LOCAL |  246|       0|    0|app-20190707204452-0037
TASKS|  18|distinct at MF.scala:123             |  8927|15|4|  180|  259|2019-07-07T20:45:07.367GMT|172.31.5.2|PROCESS_LOCAL |  243|       0|    0|app-20190707204452-0037
TASKS|  18|distinct at MF.scala:123             |  8939|15|4|  180|  267|2019-07-07T20:45:07.369GMT|172.31.4.16|PROCESS_LOCAL |  242|       0|    0|app-20190707204452-0037
TASKS|  18|distinct at MF.scala:123             |  8897|15|4|  180|  262|2019-07-07T20:45:07.364GMT|172.31.5.2|PROCESS_LOCAL |  242|       0|    0|app-20190707204452-0037
TASKS|  18|distinct at MF.scala:123             |  8895|15|4|  180|  265|2019-07-07T20:45:07.364GMT|172.31.12.55|PROCESS_LOCAL |  239|       0|    0|app-20190707204452-0037
TASKS|  18|distinct at MF.scala:123             |  8955|15|4|  180|  242|2019-07-07T20:45:07.420GMT|172.31.5.2|PROCESS_LOCAL |  238|       0|    0|app-20190707204452-0037
TASKS|  18|distinct at MF.scala:123             |  8885|15|4|  180|  268|2019-07-07T20:45:07.362GMT|172.31.2.20|PROCESS_LOCAL |  234|       0|    0|app-20190707204452-0037
TASKS|  18|distinct at MF.scala:123             |  8917|15|4|  180|  251|2019-07-07T20:45:07.366GMT|172.31.4.160|PROCESS_LOCAL |  230|       0|    0|app-20190707204452-0037
TASKS|  18|distinct at MF.scala:123             |  8915|15|4|  180|  249|2019-07-07T20:45:07.366GMT|172.31.2.20|PROCESS_LOCAL |  226|       0|    0|app-20190707204452-0037
TASKS|  18|distinct at MF.scala:123             |  8923|15|4|  180|  244|2019-07-07T20:45:07.367GMT|172.31.11.83|PROCESS_LOCAL |  222|       0|    0|app-20190707204452-0037
TASKS|  18|distinct at MF.scala:123             |  8891|15|4|  180|  246|2019-07-07T20:45:07.363GMT|172.31.13.231|PROCESS_LOCAL |  222|       0|    0|app-20190707204452-0037
TASKS|  18|distinct at MF.scala:123             |  8971|15|4|  180|  223|2019-07-07T20:45:07.435GMT|172.31.6.192|PROCESS_LOCAL |  219|       0|    0|app-20190707204452-0037
TASKS|  18|distinct at MF.scala:123             |  8967|15|4|  180|  223|2019-07-07T20:45:07.430GMT|172.31.6.192|PROCESS_LOCAL |  216|       0|    0|app-20190707204452-0037
TASKS|  18|distinct at MF.scala:123             |  8911|15|4|  180|  235|2019-07-07T20:45:07.366GMT|172.31.0.105|PROCESS_LOCAL |  216|       0|    0|app-20190707204452-0037
TASKS|  17|map at MF.scala:110                  |  8407|15|4| 1005|  316|2019-07-07T20:45:07.006GMT|172.31.11.83|PROCESS_LOCAL |  310|   59584|    1|app-20190707204452-0037
TASKS|  17|map at MF.scala:110                  |  8445|15|4| 1005|  297|2019-07-07T20:45:07.031GMT|172.31.0.141|PROCESS_LOCAL |  290|   23968|    1|app-20190707204452-0037
TASKS|  17|map at MF.scala:110                  |  8387|15|4| 1005|  252|2019-07-07T20:45:06.992GMT|172.31.15.67|PROCESS_LOCAL |  241|   22832|    1|app-20190707204452-0037
TASKS|  17|map at MF.scala:110                  |  8471|15|4| 1005|  241|2019-07-07T20:45:07.045GMT|172.31.11.83|PROCESS_LOCAL |  235|   37192|    1|app-20190707204452-0037
TASKS|  17|map at MF.scala:110                  |  8501|15|4| 1005|  234|2019-07-07T20:45:07.060GMT|172.31.12.55|PROCESS_LOCAL |  220|   21080|    1|app-20190707204452-0037
TASKS|  17|map at MF.scala:110                  |  8432|15|4| 1005|  226|2019-07-07T20:45:07.022GMT|172.31.8.10|PROCESS_LOCAL |  213|   24032|    1|app-20190707204452-0037
TASKS|  17|map at MF.scala:110                  |  8401|15|4| 1005|  239|2019-07-07T20:45:07.002GMT|172.31.15.67|PROCESS_LOCAL |  208|    9416|    1|app-20190707204452-0037
TASKS|  17|map at MF.scala:110                  |  8482|15|4| 1005|  205|2019-07-07T20:45:07.051GMT|172.31.12.55|PROCESS_LOCAL |  198|   15168|    1|app-20190707204452-0037
TASKS|  17|map at MF.scala:110                  |  8446|15|4| 1005|  210|2019-07-07T20:45:07.031GMT|172.31.8.10|PROCESS_LOCAL |  191|   18568|    1|app-20190707204452-0037
TASKS|  17|map at MF.scala:110                  |  8467|15|4| 1005|  214|2019-07-07T20:45:07.043GMT|172.31.12.55|PROCESS_LOCAL |  190|   26672|    1|app-20190707204452-0037
TASKS|  17|map at MF.scala:110                  |  8340|15|4| 1005|  189|2019-07-07T20:45:06.959GMT|172.31.11.124|PROCESS_LOCAL |  178|   24464|    1|app-20190707204452-0037
TASKS|  17|map at MF.scala:110                  |  8487|15|4| 1005|  191|2019-07-07T20:45:07.053GMT|172.31.8.10|PROCESS_LOCAL |  176|    9640|    1|app-20190707204452-0037
TASKS|  17|map at MF.scala:110                  |  7900|15|4| 1005|  211|2019-07-07T20:45:06.601GMT|172.31.11.178|PROCESS_LOCAL |  162|   40064|    1|app-20190707204452-0037
TASKS|  17|map at MF.scala:110                  |  8598|15|4| 1005|  169|2019-07-07T20:45:07.112GMT|172.31.4.16|PROCESS_LOCAL |  160|   26832|    1|app-20190707204452-0037
TASKS|  17|map at MF.scala:110                  |  8099|15|4| 1005|  181|2019-07-07T20:45:06.815GMT|172.31.4.16|PROCESS_LOCAL |  158|   17208|    1|app-20190707204452-0037
TASKS|  17|map at MF.scala:110                  |  8296|15|4| 1005|  164|2019-07-07T20:45:06.926GMT|172.31.6.192|PROCESS_LOCAL |  155|   20776|    1|app-20190707204452-0037
TASKS|  17|map at MF.scala:110                  |  7876|15|4| 1005|  201|2019-07-07T20:45:06.597GMT|172.31.8.10|PROCESS_LOCAL |  155|   52120|    1|app-20190707204452-0037
TASKS|  17|map at MF.scala:110                  |  8346|15|4| 1005|  164|2019-07-07T20:45:06.963GMT|172.31.0.105|PROCESS_LOCAL |  154|   12376|    1|app-20190707204452-0037
TASKS|  17|map at MF.scala:110                  |  7891|15|4| 1005|  200|2019-07-07T20:45:06.599GMT|172.31.8.10|PROCESS_LOCAL |  154|   13816|    1|app-20190707204452-0037
TASKS|  17|map at MF.scala:110                  |  8104|15|4| 1005|  171|2019-07-07T20:45:06.818GMT|172.31.4.16|PROCESS_LOCAL |  150|   11488|    1|app-20190707204452-0037
TASKS|  17|map at MF.scala:110                  |  7906|15|4| 1005|  192|2019-07-07T20:45:06.602GMT|172.31.8.10|PROCESS_LOCAL |  150|    4224|    1|app-20190707204452-0037
TASKS|  17|map at MF.scala:110                  |  7886|15|4| 1005|  205|2019-07-07T20:45:06.599GMT|172.31.4.16|PROCESS_LOCAL |  150|   74496|    1|app-20190707204452-0037
TASKS|  17|map at MF.scala:110                  |  8140|15|4| 1005|  169|2019-07-07T20:45:06.835GMT|172.31.13.231|PROCESS_LOCAL |  148|   48128|    1|app-20190707204452-0037
TASKS|  17|map at MF.scala:110                  |  8456|15|4| 1005|  151|2019-07-07T20:45:07.037GMT|172.31.0.141|PROCESS_LOCAL |  141|    3240|    1|app-20190707204452-0037
TASKS|  17|map at MF.scala:110                  |  8115|15|4| 1005|  158|2019-07-07T20:45:06.823GMT|172.31.11.178|PROCESS_LOCAL |  139|   59800|    1|app-20190707204452-0037
TASKS|  16|flatMapToPair at SpatialRDD.java:347 |  5916|15|4| 2010|  249|2019-07-07T20:45:04.978GMT|172.31.5.2|PROCESS_LOCAL |  192|    4288|   33|app-20190707204452-0037
TASKS|  16|flatMapToPair at SpatialRDD.java:347 |  5901|15|4| 2010|  248|2019-07-07T20:45:04.976GMT|172.31.5.2|PROCESS_LOCAL |  190|    4160|   32|app-20190707204452-0037
TASKS|  16|flatMapToPair at SpatialRDD.java:347 |  5886|15|4| 2010|  256|2019-07-07T20:45:04.973GMT|172.31.5.2|PROCESS_LOCAL |  187|    5400|   42|app-20190707204452-0037
TASKS|  16|flatMapToPair at SpatialRDD.java:347 |  5871|15|4| 2010|  252|2019-07-07T20:45:04.971GMT|172.31.5.2|PROCESS_LOCAL |  187|     320|    1|app-20190707204452-0037
TASKS|  16|flatMapToPair at SpatialRDD.java:347 |  5920|15|4| 2010|  241|2019-07-07T20:45:04.979GMT|172.31.5.79|PROCESS_LOCAL |  178|     320|    1|app-20190707204452-0037
TASKS|  16|flatMapToPair at SpatialRDD.java:347 |  5890|15|4| 2010|  251|2019-07-07T20:45:04.974GMT|172.31.5.79|PROCESS_LOCAL |  178|    2304|   17|app-20190707204452-0037
TASKS|  16|flatMapToPair at SpatialRDD.java:347 |  5875|15|4| 2010|  247|2019-07-07T20:45:04.972GMT|172.31.5.79|PROCESS_LOCAL |  177|     320|    1|app-20190707204452-0037
TASKS|  16|flatMapToPair at SpatialRDD.java:347 |  6803|15|4| 2010|  224|2019-07-07T20:45:05.754GMT|172.31.0.141|PROCESS_LOCAL |  174|    3792|   29|app-20190707204452-0037
TASKS|  16|flatMapToPair at SpatialRDD.java:347 |  5923|15|4| 2010|  253|2019-07-07T20:45:04.979GMT|172.31.12.55|PROCESS_LOCAL |  174|    1808|   13|app-20190707204452-0037
TASKS|  16|flatMapToPair at SpatialRDD.java:347 |  5878|15|4| 2010|  259|2019-07-07T20:45:04.972GMT|172.31.12.55|PROCESS_LOCAL |  173|    2920|   22|app-20190707204452-0037
TASKS|  16|flatMapToPair at SpatialRDD.java:347 |  5893|15|4| 2010|  248|2019-07-07T20:45:04.974GMT|172.31.12.55|PROCESS_LOCAL |  172|    7136|   56|app-20190707204452-0037
TASKS|  16|flatMapToPair at SpatialRDD.java:347 |  5905|15|4| 2010|  233|2019-07-07T20:45:04.976GMT|172.31.5.79|PROCESS_LOCAL |  170|      16|    0|app-20190707204452-0037
TASKS|  16|flatMapToPair at SpatialRDD.java:347 |  5924|15|4| 2010|  238|2019-07-07T20:45:04.979GMT|172.31.13.231|PROCESS_LOCAL |  169|     568|    3|app-20190707204452-0037
TASKS|  16|flatMapToPair at SpatialRDD.java:347 |  5909|15|4| 2010|  237|2019-07-07T20:45:04.977GMT|172.31.13.231|PROCESS_LOCAL |  166|     320|    1|app-20190707204452-0037
TASKS|  16|flatMapToPair at SpatialRDD.java:347 |  6808|15|4| 2010|  219|2019-07-07T20:45:05.758GMT|172.31.0.141|PROCESS_LOCAL |  165|     936|    6|app-20190707204452-0037
TASKS|  16|flatMapToPair at SpatialRDD.java:347 |  5879|15|4| 2010|  243|2019-07-07T20:45:04.972GMT|172.31.13.231|PROCESS_LOCAL |  165|    1928|   14|app-20190707204452-0037
TASKS|  16|flatMapToPair at SpatialRDD.java:347 |  5908|15|4| 2010|  234|2019-07-07T20:45:04.977GMT|172.31.12.55|PROCESS_LOCAL |  158|      16|    0|app-20190707204452-0037
TASKS|  16|flatMapToPair at SpatialRDD.java:347 |  6817|15|4| 2010|  147|2019-07-07T20:45:05.765GMT|172.31.4.160|PROCESS_LOCAL |  114|     440|    2|app-20190707204452-0037
TASKS|  16|flatMapToPair at SpatialRDD.java:347 |  6818|15|4| 2010|  136|2019-07-07T20:45:05.765GMT|172.31.4.160|PROCESS_LOCAL |  112|    1432|   10|app-20190707204452-0037
TASKS|  16|flatMapToPair at SpatialRDD.java:347 |  6816|15|4| 2010|  132|2019-07-07T20:45:05.764GMT|172.31.4.160|PROCESS_LOCAL |  109|     320|    1|app-20190707204452-0037
TASKS|  16|flatMapToPair at SpatialRDD.java:347 |  6917|15|4| 2010|  126|2019-07-07T20:45:05.870GMT|172.31.2.20|PROCESS_LOCAL |   69|    1432|   10|app-20190707204452-0037
TASKS|  16|flatMapToPair at SpatialRDD.java:347 |  6909|15|4| 2010|  129|2019-07-07T20:45:05.867GMT|172.31.2.20|PROCESS_LOCAL |   69|     320|    1|app-20190707204452-0037
TASKS|  16|flatMapToPair at SpatialRDD.java:347 |  5865|15|4| 2010|  118|2019-07-07T20:45:04.970GMT|172.31.11.124|PROCESS_LOCAL |   66|     936|    6|app-20190707204452-0037
TASKS|  16|flatMapToPair at SpatialRDD.java:347 |  5910|15|4| 2010|  102|2019-07-07T20:45:04.977GMT|172.31.11.124|PROCESS_LOCAL |   58|    1064|    7|app-20190707204452-0037
TASKS|  16|flatMapToPair at SpatialRDD.java:347 |  5880|15|4| 2010|  105|2019-07-07T20:45:04.972GMT|172.31.11.124|PROCESS_LOCAL |   57|     568|    3|app-20190707204452-0037
TASKS|  13|aggregate at SpatialRDD.java:515     |  4395|15|4| 2010|   93|2019-07-07T20:45:03.271GMT|172.31.0.141|PROCESS_LOCAL |   52|   23968|    1|app-20190707204452-0037
TASKS|  13|aggregate at SpatialRDD.java:515     |  4369|15|4| 2010|   84|2019-07-07T20:45:03.249GMT|172.31.8.10|PROCESS_LOCAL |   46|   24032|    1|app-20190707204452-0037
TASKS|  13|aggregate at SpatialRDD.java:515     |  4348|15|4| 2010|   88|2019-07-07T20:45:03.228GMT|172.31.6.192|PROCESS_LOCAL |   42|   20776|    1|app-20190707204452-0037
TASKS|  13|aggregate at SpatialRDD.java:515     |  4347|15|4| 2010|   85|2019-07-07T20:45:03.228GMT|172.31.6.192|PROCESS_LOCAL |   42|   30600|    1|app-20190707204452-0037
TASKS|  13|aggregate at SpatialRDD.java:515     |  4340|15|4| 2010|   78|2019-07-07T20:45:03.220GMT|172.31.13.231|PROCESS_LOCAL |   42|   41640|    1|app-20190707204452-0037
TASKS|  13|aggregate at SpatialRDD.java:515     |  3971|15|4| 2010|   79|2019-07-07T20:45:02.811GMT|172.31.12.55|PROCESS_LOCAL |   40|    7352|    1|app-20190707204452-0037
TASKS|  13|aggregate at SpatialRDD.java:515     |  3968|15|4| 2010|   80|2019-07-07T20:45:02.809GMT|172.31.12.55|PROCESS_LOCAL |   40|    4064|    1|app-20190707204452-0037
TASKS|  13|aggregate at SpatialRDD.java:515     |  4368|15|4| 2010|   75|2019-07-07T20:45:03.248GMT|172.31.8.10|PROCESS_LOCAL |   39|   10416|    1|app-20190707204452-0037
TASKS|  13|aggregate at SpatialRDD.java:515     |  3972|15|4| 2010|   79|2019-07-07T20:45:02.812GMT|172.31.5.79|PROCESS_LOCAL |   39|   31152|    1|app-20190707204452-0037
TASKS|  13|aggregate at SpatialRDD.java:515     |  3970|15|4| 2010|   78|2019-07-07T20:45:02.810GMT|172.31.12.55|PROCESS_LOCAL |   39|    8384|    1|app-20190707204452-0037
TASKS|  13|aggregate at SpatialRDD.java:515     |  5363|15|4| 2010|   97|2019-07-07T20:45:04.220GMT|172.31.6.192|PROCESS_LOCAL |   37|   20776|    1|app-20190707204452-0037
TASKS|  13|aggregate at SpatialRDD.java:515     |  4374|15|4| 2010|   80|2019-07-07T20:45:03.252GMT|172.31.8.10|PROCESS_LOCAL |   37|   38408|    1|app-20190707204452-0037
TASKS|  13|aggregate at SpatialRDD.java:515     |  3976|15|4| 2010|   79|2019-07-07T20:45:02.815GMT|172.31.4.160|PROCESS_LOCAL |   37|    1232|    1|app-20190707204452-0037
TASKS|  13|aggregate at SpatialRDD.java:515     |  3974|15|4| 2010|   79|2019-07-07T20:45:02.814GMT|172.31.4.160|PROCESS_LOCAL |   37|     776|    1|app-20190707204452-0037
TASKS|  13|aggregate at SpatialRDD.java:515     |  3973|15|4| 2010|   81|2019-07-07T20:45:02.813GMT|172.31.4.160|PROCESS_LOCAL |   37|    8648|    1|app-20190707204452-0037
TASKS|  13|aggregate at SpatialRDD.java:515     |  5364|15|4| 2010|   92|2019-07-07T20:45:04.222GMT|172.31.0.141|PROCESS_LOCAL |   36|   37152|    1|app-20190707204452-0037
TASKS|  13|aggregate at SpatialRDD.java:515     |  4409|15|4| 2010|   70|2019-07-07T20:45:03.282GMT|172.31.11.124|PROCESS_LOCAL |   36|   24464|    1|app-20190707204452-0037
TASKS|  13|aggregate at SpatialRDD.java:515     |  4385|15|4| 2010|   78|2019-07-07T20:45:03.259GMT|172.31.0.141|PROCESS_LOCAL |   36|   16080|    1|app-20190707204452-0037
TASKS|  13|aggregate at SpatialRDD.java:515     |  3997|15|4| 2010|   85|2019-07-07T20:45:02.829GMT|172.31.6.192|PROCESS_LOCAL |   36|  150872|    1|app-20190707204452-0037
TASKS|  13|aggregate at SpatialRDD.java:515     |  3984|15|4| 2010|   95|2019-07-07T20:45:02.821GMT|172.31.11.83|PROCESS_LOCAL |   36|   75520|    1|app-20190707204452-0037
TASKS|  13|aggregate at SpatialRDD.java:515     |  3975|15|4| 2010|   78|2019-07-07T20:45:02.815GMT|172.31.11.83|PROCESS_LOCAL |   36|   35480|    1|app-20190707204452-0037
TASKS|  13|aggregate at SpatialRDD.java:515     |  5372|15|4| 2010|   96|2019-07-07T20:45:04.228GMT|172.31.0.105|PROCESS_LOCAL |   35|   15968|    1|app-20190707204452-0037
TASKS|  13|aggregate at SpatialRDD.java:515     |  5371|15|4| 2010|   94|2019-07-07T20:45:04.228GMT|172.31.0.105|PROCESS_LOCAL |   35|   14640|    1|app-20190707204452-0037
TASKS|  13|aggregate at SpatialRDD.java:515     |  4379|15|4| 2010|   80|2019-07-07T20:45:03.256GMT|172.31.0.141|PROCESS_LOCAL |   35|    3744|    1|app-20190707204452-0037
TASKS|  13|aggregate at SpatialRDD.java:515     |  3982|15|4| 2010|   94|2019-07-07T20:45:02.819GMT|172.31.11.124|PROCESS_LOCAL |   35|   76336|    1|app-20190707204452-0037
TASKS|  10|count at MF.scala:98                 |  2846|15|4| 2010|  141|2019-07-07T20:45:01.875GMT|172.31.0.105|PROCESS_LOCAL |  109|   53472|    1|app-20190707204452-0037
TASKS|  10|count at MF.scala:98                 |  2850|15|4| 2010|  139|2019-07-07T20:45:01.876GMT|172.31.6.192|PROCESS_LOCAL |  108|   54048|    1|app-20190707204452-0037
TASKS|  10|count at MF.scala:98                 |  2853|15|4| 2010|  134|2019-07-07T20:45:01.877GMT|172.31.15.67|PROCESS_LOCAL |  106|   57064|    1|app-20190707204452-0037
TASKS|  10|count at MF.scala:98                 |  2852|15|4| 2010|  137|2019-07-07T20:45:01.876GMT|172.31.0.105|PROCESS_LOCAL |  106|   20192|    1|app-20190707204452-0037
TASKS|  10|count at MF.scala:98                 |  2854|15|4| 2010|  134|2019-07-07T20:45:01.877GMT|172.31.15.67|PROCESS_LOCAL |  105|   46392|    1|app-20190707204452-0037
TASKS|  10|count at MF.scala:98                 |  2847|15|4| 2010|  132|2019-07-07T20:45:01.875GMT|172.31.6.192|PROCESS_LOCAL |  105|    6624|    1|app-20190707204452-0037
TASKS|  10|count at MF.scala:98                 |  2844|15|4| 2010|  122|2019-07-07T20:45:01.874GMT|172.31.4.160|PROCESS_LOCAL |  103|   36480|    1|app-20190707204452-0037
TASKS|  10|count at MF.scala:98                 |  2861|15|4| 2010|  139|2019-07-07T20:45:01.879GMT|172.31.0.105|PROCESS_LOCAL |  102|   24968|    1|app-20190707204452-0037
TASKS|  10|count at MF.scala:98                 |  2860|15|4| 2010|  136|2019-07-07T20:45:01.878GMT|172.31.15.67|PROCESS_LOCAL |  102|   50808|    1|app-20190707204452-0037
TASKS|  10|count at MF.scala:98                 |  2841|15|4| 2010|  117|2019-07-07T20:45:01.872GMT|172.31.13.231|PROCESS_LOCAL |  100|   73072|    1|app-20190707204452-0037
TASKS|  10|count at MF.scala:98                 |  2866|15|4| 2010|  115|2019-07-07T20:45:01.880GMT|172.31.4.160|PROCESS_LOCAL |   99|  161776|    1|app-20190707204452-0037
TASKS|  10|count at MF.scala:98                 |  2862|15|4| 2010|  118|2019-07-07T20:45:01.879GMT|172.31.0.141|PROCESS_LOCAL |   99|   87672|    1|app-20190707204452-0037
TASKS|  10|count at MF.scala:98                 |  2856|15|4| 2010|  108|2019-07-07T20:45:01.877GMT|172.31.11.124|PROCESS_LOCAL |   97|    6440|    1|app-20190707204452-0037
TASKS|  10|count at MF.scala:98                 |  2840|15|4| 2010|  116|2019-07-07T20:45:01.871GMT|172.31.13.231|PROCESS_LOCAL |   97|   14904|    1|app-20190707204452-0037
TASKS|  10|count at MF.scala:98                 |  2868|15|4| 2010|  120|2019-07-07T20:45:01.881GMT|172.31.2.20|PROCESS_LOCAL |   96|    9536|    1|app-20190707204452-0037
TASKS|  10|count at MF.scala:98                 |  2867|15|4| 2010|  115|2019-07-07T20:45:01.880GMT|172.31.12.55|PROCESS_LOCAL |   96|   26080|    1|app-20190707204452-0037
TASKS|  10|count at MF.scala:98                 |  2855|15|4| 2010|  104|2019-07-07T20:45:01.877GMT|172.31.11.83|PROCESS_LOCAL |   95|   35952|    1|app-20190707204452-0037
TASKS|  10|count at MF.scala:98                 |  2865|15|4| 2010|  106|2019-07-07T20:45:01.880GMT|172.31.11.124|PROCESS_LOCAL |   92|    1232|    1|app-20190707204452-0037
TASKS|  10|count at MF.scala:98                 |  2851|15|4| 2010|  127|2019-07-07T20:45:01.876GMT|172.31.5.79|PROCESS_LOCAL |   91|  102376|    1|app-20190707204452-0037
TASKS|  10|count at MF.scala:98                 |  2872|15|4| 2010|  117|2019-07-07T20:45:01.893GMT|172.31.0.105|PROCESS_LOCAL |   89|   15544|    1|app-20190707204452-0037
TASKS|  10|count at MF.scala:98                 |  2848|15|4| 2010|  110|2019-07-07T20:45:01.875GMT|172.31.4.16|PROCESS_LOCAL |   89|    3944|    1|app-20190707204452-0037
TASKS|  10|count at MF.scala:98                 |  2858|15|4| 2010|  109|2019-07-07T20:45:01.878GMT|172.31.4.16|PROCESS_LOCAL |   87|   70992|    1|app-20190707204452-0037
TASKS|  10|count at MF.scala:98                 |  2871|15|4| 2010|  114|2019-07-07T20:45:01.892GMT|172.31.5.79|PROCESS_LOCAL |   86|  109576|    1|app-20190707204452-0037
TASKS|  10|count at MF.scala:98                 |  2879|15|4| 2010|  110|2019-07-07T20:45:01.897GMT|172.31.11.124|PROCESS_LOCAL |   85|   41680|    1|app-20190707204452-0037
TASKS|  10|count at MF.scala:98                 |  2874|15|4| 2010|  111|2019-07-07T20:45:01.894GMT|172.31.5.79|PROCESS_LOCAL |   84|   79472|    1|app-20190707204452-0037
TASKS|   7|count at MF.scala:84                 |   889|15|4| 1005|  305|2019-07-07T20:44:59.070GMT|172.31.5.2|PROCESS_LOCAL |  244|       0|    0|app-20190707204452-0037
TASKS|   7|count at MF.scala:84                 |   874|15|4| 1005|  308|2019-07-07T20:44:59.067GMT|172.31.5.2|PROCESS_LOCAL |  243|       0|    0|app-20190707204452-0037
TASKS|   7|count at MF.scala:84                 |   877|15|4| 1005|  296|2019-07-07T20:44:59.068GMT|172.31.0.105|PROCESS_LOCAL |  234|       0|    0|app-20190707204452-0037
TASKS|   7|count at MF.scala:84                 |   862|15|4| 1005|  297|2019-07-07T20:44:59.064GMT|172.31.0.105|PROCESS_LOCAL |  229|       0|    0|app-20190707204452-0037
TASKS|   7|count at MF.scala:84                 |   892|15|4| 1005|  290|2019-07-07T20:44:59.071GMT|172.31.0.105|PROCESS_LOCAL |  228|       0|    0|app-20190707204452-0037
TASKS|   7|count at MF.scala:84                 |   847|15|4| 1005|  318|2019-07-07T20:44:59.043GMT|172.31.0.105|PROCESS_LOCAL |  228|       0|    0|app-20190707204452-0037
TASKS|   7|count at MF.scala:84                 |   859|15|4| 1005|  306|2019-07-07T20:44:59.048GMT|172.31.5.2|PROCESS_LOCAL |  220|       0|    0|app-20190707204452-0037
TASKS|   7|count at MF.scala:84                 |   850|15|4| 1005|  311|2019-07-07T20:44:59.044GMT|172.31.4.16|PROCESS_LOCAL |  217|       0|    0|app-20190707204452-0037
TASKS|   7|count at MF.scala:84                 |   844|15|4| 1005|  305|2019-07-07T20:44:59.042GMT|172.31.5.2|PROCESS_LOCAL |  215|       0|    0|app-20190707204452-0037
TASKS|   7|count at MF.scala:84                 |   855|15|4| 1005|  336|2019-07-07T20:44:59.046GMT|172.31.11.83|PROCESS_LOCAL |  210|       0|    0|app-20190707204452-0037
TASKS|   7|count at MF.scala:84                 |   866|15|4| 1005|  319|2019-07-07T20:44:59.065GMT|172.31.5.79|PROCESS_LOCAL |  209|       0|    0|app-20190707204452-0037
TASKS|   7|count at MF.scala:84                 |   899|15|4| 1005|  270|2019-07-07T20:44:59.072GMT|172.31.11.124|PROCESS_LOCAL |  206|       0|    0|app-20190707204452-0037
TASKS|   7|count at MF.scala:84                 |   872|15|4| 1005|  287|2019-07-07T20:44:59.067GMT|172.31.2.20|PROCESS_LOCAL |  206|       0|    0|app-20190707204452-0037
TASKS|   7|count at MF.scala:84                 |   857|15|4| 1005|  307|2019-07-07T20:44:59.047GMT|172.31.2.20|PROCESS_LOCAL |  205|       0|    0|app-20190707204452-0037
TASKS|   7|count at MF.scala:84                 |   842|15|4| 1005|  313|2019-07-07T20:44:59.041GMT|172.31.2.20|PROCESS_LOCAL |  205|       0|    0|app-20190707204452-0037
TASKS|   7|count at MF.scala:84                 |   848|15|4| 1005|  312|2019-07-07T20:44:59.044GMT|172.31.0.141|PROCESS_LOCAL |  202|       0|    0|app-20190707204452-0037
TASKS|   7|count at MF.scala:84                 |   896|15|4| 1005|  278|2019-07-07T20:44:59.072GMT|172.31.5.79|PROCESS_LOCAL |  201|       0|    0|app-20190707204452-0037
TASKS|   7|count at MF.scala:84                 |   887|15|4| 1005|  288|2019-07-07T20:44:59.070GMT|172.31.2.20|PROCESS_LOCAL |  201|       0|    0|app-20190707204452-0037
TASKS|   7|count at MF.scala:84                 |   858|15|4| 1005|  297|2019-07-07T20:44:59.048GMT|172.31.11.178|PROCESS_LOCAL |  201|       0|    0|app-20190707204452-0037
TASKS|   7|count at MF.scala:84                 |   881|15|4| 1005|  281|2019-07-07T20:44:59.069GMT|172.31.5.79|PROCESS_LOCAL |  200|       0|    0|app-20190707204452-0037
TASKS|   7|count at MF.scala:84                 |   843|15|4| 1005|  311|2019-07-07T20:44:59.042GMT|172.31.11.178|PROCESS_LOCAL |  200|       0|    0|app-20190707204452-0037
TASKS|   7|count at MF.scala:84                 |   885|15|4| 1005|  289|2019-07-07T20:44:59.069GMT|172.31.11.83|PROCESS_LOCAL |  199|       0|    0|app-20190707204452-0037
TASKS|   7|count at MF.scala:84                 |   840|15|4| 1005|  321|2019-07-07T20:44:59.037GMT|172.31.11.83|PROCESS_LOCAL |  199|       0|    0|app-20190707204452-0037
TASKS|   7|count at MF.scala:84                 |   893|15|4| 1005|  283|2019-07-07T20:44:59.071GMT|172.31.0.141|PROCESS_LOCAL |  198|       0|    0|app-20190707204452-0037
TASKS|   7|count at MF.scala:84                 |   886|15|4| 1005|  257|2019-07-07T20:44:59.070GMT|172.31.4.160|PROCESS_LOCAL |  198|       0|    0|app-20190707204452-0037
TASKS|   6|flatMapToPair at SpatialRDD.java:347 |   744|15|4|  120|  243|2019-07-07T20:44:58.436GMT|172.31.2.20|PROCESS_LOCAL |  234|  517768| 2244|app-20190707204452-0037
TASKS|   6|flatMapToPair at SpatialRDD.java:347 |   746|15|4|  120|  225|2019-07-07T20:44:58.438GMT|172.31.8.10|PROCESS_LOCAL |  208|  518544| 2232|app-20190707204452-0037
TASKS|   6|flatMapToPair at SpatialRDD.java:347 |   749|15|4|  120|  221|2019-07-07T20:44:58.448GMT|172.31.11.178|PROCESS_LOCAL |  206|  518568| 2242|app-20190707204452-0037
TASKS|   6|flatMapToPair at SpatialRDD.java:347 |   794|15|4|  120|  291|2019-07-07T20:44:58.555GMT|172.31.11.83|PROCESS_LOCAL |  184|  518608| 2243|app-20190707204452-0037
TASKS|   6|flatMapToPair at SpatialRDD.java:347 |   770|15|4|  120|  157|2019-07-07T20:44:58.479GMT|172.31.2.20|PROCESS_LOCAL |  139|      16|    0|app-20190707204452-0037
TASKS|   6|flatMapToPair at SpatialRDD.java:347 |   839|15|4|  120|  132|2019-07-07T20:44:58.824GMT|172.31.0.105|PROCESS_LOCAL |  119|  518368| 2233|app-20190707204452-0037
TASKS|   6|flatMapToPair at SpatialRDD.java:347 |   781|15|4|  120|  224|2019-07-07T20:44:58.517GMT|172.31.6.192|PROCESS_LOCAL |  100|  518080| 2238|app-20190707204452-0037
TASKS|   6|flatMapToPair at SpatialRDD.java:347 |   814|15|4|  120|  100|2019-07-07T20:44:58.634GMT|172.31.11.124|PROCESS_LOCAL |   90|  517904| 2241|app-20190707204452-0037
TASKS|   6|flatMapToPair at SpatialRDD.java:347 |   837|15|4|  120|  101|2019-07-07T20:44:58.801GMT|172.31.0.105|PROCESS_LOCAL |   76|  519080| 2235|app-20190707204452-0037
TASKS|   6|flatMapToPair at SpatialRDD.java:347 |   836|15|4|  120|   95|2019-07-07T20:44:58.795GMT|172.31.0.105|PROCESS_LOCAL |   71|  518688| 2238|app-20190707204452-0037
TASKS|   6|flatMapToPair at SpatialRDD.java:347 |   811|15|4|  120|   84|2019-07-07T20:44:58.609GMT|172.31.15.67|PROCESS_LOCAL |   61|  259632| 1124|app-20190707204452-0037
TASKS|   6|flatMapToPair at SpatialRDD.java:347 |   813|15|4|  120|   78|2019-07-07T20:44:58.633GMT|172.31.11.124|PROCESS_LOCAL |   52|  517888| 2242|app-20190707204452-0037
TASKS|   6|flatMapToPair at SpatialRDD.java:347 |   838|15|4|  120|   55|2019-07-07T20:44:58.802GMT|172.31.0.105|PROCESS_LOCAL |   45|  518400| 2239|app-20190707204452-0037
TASKS|   6|flatMapToPair at SpatialRDD.java:347 |   726|15|4|  120|   51|2019-07-07T20:44:58.419GMT|172.31.12.55|PROCESS_LOCAL |   39|      16|    0|app-20190707204452-0037
TASKS|   6|flatMapToPair at SpatialRDD.java:347 |   705|15|4|  120|   65|2019-07-07T20:44:58.401GMT|172.31.12.55|PROCESS_LOCAL |   36|      16|    0|app-20190707204452-0037
TASKS|   6|flatMapToPair at SpatialRDD.java:347 |   696|15|4|  120|   92|2019-07-07T20:44:58.389GMT|172.31.12.55|PROCESS_LOCAL |   34|      16|    0|app-20190707204452-0037
TASKS|   6|flatMapToPair at SpatialRDD.java:347 |   815|15|4|  120|   45|2019-07-07T20:44:58.636GMT|172.31.15.67|PROCESS_LOCAL |   33|   74328|  315|app-20190707204452-0037
TASKS|   6|flatMapToPair at SpatialRDD.java:347 |   747|15|4|  120|  231|2019-07-07T20:44:58.442GMT|172.31.6.192|PROCESS_LOCAL |   30|      16|    0|app-20190707204452-0037
TASKS|   6|flatMapToPair at SpatialRDD.java:347 |   727|15|4|  120|   41|2019-07-07T20:44:58.420GMT|172.31.5.79|PROCESS_LOCAL |   27|      16|    0|app-20190707204452-0037
TASKS|   6|flatMapToPair at SpatialRDD.java:347 |   737|15|4|  120|   35|2019-07-07T20:44:58.429GMT|172.31.2.20|PROCESS_LOCAL |   24|      16|    0|app-20190707204452-0037
TASKS|   6|flatMapToPair at SpatialRDD.java:347 |   718|15|4|  120|  164|2019-07-07T20:44:58.407GMT|172.31.4.160|PROCESS_LOCAL |   24|      16|    0|app-20190707204452-0037
TASKS|   6|flatMapToPair at SpatialRDD.java:347 |   719|15|4|  120|  171|2019-07-07T20:44:58.407GMT|172.31.4.160|PROCESS_LOCAL |   23|      16|    0|app-20190707204452-0037
TASKS|   6|flatMapToPair at SpatialRDD.java:347 |   721|15|4|  120|  160|2019-07-07T20:44:58.408GMT|172.31.4.160|PROCESS_LOCAL |   20|      16|    0|app-20190707204452-0037
TASKS|   6|flatMapToPair at SpatialRDD.java:347 |   716|15|4|  120|  165|2019-07-07T20:44:58.406GMT|172.31.4.160|PROCESS_LOCAL |   19|      16|    0|app-20190707204452-0037
TASKS|   6|flatMapToPair at SpatialRDD.java:347 |   711|15|4|  120|  156|2019-07-07T20:44:58.404GMT|172.31.0.141|PROCESS_LOCAL |   19|      16|    0|app-20190707204452-0037
TASKS|   5|flatMapToPair at SpatialRDD.java:347 |   665|15|4|  120|  401|2019-07-07T20:44:58.353GMT|172.31.0.105|PROCESS_LOCAL |  393|  518400| 2239|app-20190707204452-0037
TASKS|   5|flatMapToPair at SpatialRDD.java:347 |   660|15|4|  120|  411|2019-07-07T20:44:58.348GMT|172.31.0.105|PROCESS_LOCAL |  392|  518688| 2238|app-20190707204452-0037
TASKS|   5|flatMapToPair at SpatialRDD.java:347 |   667|15|4|  120|  390|2019-07-07T20:44:58.358GMT|172.31.0.105|PROCESS_LOCAL |  381|  518368| 2233|app-20190707204452-0037
TASKS|   5|flatMapToPair at SpatialRDD.java:347 |   657|15|4|  120|  429|2019-07-07T20:44:58.258GMT|172.31.2.20|PROCESS_LOCAL |  351|  517768| 2244|app-20190707204452-0037
TASKS|   5|flatMapToPair at SpatialRDD.java:347 |   647|15|4|  120|  377|2019-07-07T20:44:58.255GMT|172.31.11.178|PROCESS_LOCAL |  317|  518568| 2242|app-20190707204452-0037
TASKS|   5|flatMapToPair at SpatialRDD.java:347 |   645|15|4|  120|  376|2019-07-07T20:44:58.255GMT|172.31.8.10|PROCESS_LOCAL |  309|  518544| 2232|app-20190707204452-0037
TASKS|   5|flatMapToPair at SpatialRDD.java:347 |   650|15|4|  120|  354|2019-07-07T20:44:58.256GMT|172.31.15.67|PROCESS_LOCAL |  301|  259632| 1124|app-20190707204452-0037
TASKS|   5|flatMapToPair at SpatialRDD.java:347 |   662|15|4|  120|  294|2019-07-07T20:44:58.351GMT|172.31.0.105|PROCESS_LOCAL |  284|  519080| 2235|app-20190707204452-0037
TASKS|   5|flatMapToPair at SpatialRDD.java:347 |   663|15|4|  120|  259|2019-07-07T20:44:58.352GMT|172.31.11.124|PROCESS_LOCAL |  246|  517904| 2241|app-20190707204452-0037
TASKS|   5|flatMapToPair at SpatialRDD.java:347 |   661|15|4|  120|  258|2019-07-07T20:44:58.351GMT|172.31.11.124|PROCESS_LOCAL |  243|  517888| 2242|app-20190707204452-0037
TASKS|   5|flatMapToPair at SpatialRDD.java:347 |   668|15|4|  120|  223|2019-07-07T20:44:58.362GMT|172.31.15.67|PROCESS_LOCAL |  214|   74328|  315|app-20190707204452-0037
TASKS|   5|flatMapToPair at SpatialRDD.java:347 |   646|15|4|  120|  262|2019-07-07T20:44:58.255GMT|172.31.6.192|PROCESS_LOCAL |  195|  518080| 2238|app-20190707204452-0037
TASKS|   5|flatMapToPair at SpatialRDD.java:347 |   712|15|4|  120|  158|2019-07-07T20:44:58.404GMT|172.31.15.67|PROCESS_LOCAL |  143|      16|    0|app-20190707204452-0037
TASKS|   5|flatMapToPair at SpatialRDD.java:347 |   655|15|4|  120|  299|2019-07-07T20:44:58.257GMT|172.31.11.83|PROCESS_LOCAL |  143|  518608| 2243|app-20190707204452-0037
TASKS|   5|flatMapToPair at SpatialRDD.java:347 |   674|15|4|  120|  141|2019-07-07T20:44:58.371GMT|172.31.11.124|PROCESS_LOCAL |  125|      16|    0|app-20190707204452-0037
TASKS|   5|flatMapToPair at SpatialRDD.java:347 |   632|15|4|  120|  148|2019-07-07T20:44:58.252GMT|172.31.11.178|PROCESS_LOCAL |   78|      16|    0|app-20190707204452-0037
TASKS|   5|flatMapToPair at SpatialRDD.java:347 |   602|15|4|  120|  170|2019-07-07T20:44:58.246GMT|172.31.11.178|PROCESS_LOCAL |   76|      16|    0|app-20190707204452-0037
TASKS|   5|flatMapToPair at SpatialRDD.java:347 |   601|15|4|  120|  168|2019-07-07T20:44:58.246GMT|172.31.6.192|PROCESS_LOCAL |   76|      16|    0|app-20190707204452-0037
TASKS|   5|flatMapToPair at SpatialRDD.java:347 |   613|15|4|  120|  238|2019-07-07T20:44:58.248GMT|172.31.13.231|PROCESS_LOCAL |   75|      16|    0|app-20190707204452-0037
TASKS|   5|flatMapToPair at SpatialRDD.java:347 |   617|15|4|  120|  144|2019-07-07T20:44:58.249GMT|172.31.11.178|PROCESS_LOCAL |   74|      16|    0|app-20190707204452-0037
TASKS|   5|flatMapToPair at SpatialRDD.java:347 |   634|15|4|  120|  141|2019-07-07T20:44:58.252GMT|172.31.5.2|PROCESS_LOCAL |   67|      16|    0|app-20190707204452-0037
TASKS|   5|flatMapToPair at SpatialRDD.java:347 |   619|15|4|  120|  161|2019-07-07T20:44:58.250GMT|172.31.5.2|PROCESS_LOCAL |   67|      16|    0|app-20190707204452-0037
TASKS|   5|flatMapToPair at SpatialRDD.java:347 |   631|15|4|  120|  162|2019-07-07T20:44:58.252GMT|172.31.6.192|PROCESS_LOCAL |   65|      16|    0|app-20190707204452-0037
TASKS|   5|flatMapToPair at SpatialRDD.java:347 |   616|15|4|  120|  165|2019-07-07T20:44:58.249GMT|172.31.6.192|PROCESS_LOCAL |   65|      16|    0|app-20190707204452-0037
TASKS|   5|flatMapToPair at SpatialRDD.java:347 |   643|15|4|  120|  221|2019-07-07T20:44:58.255GMT|172.31.13.231|PROCESS_LOCAL |   64|      16|    0|app-20190707204452-0037
TASKS|   4|count at MF.scala:68                 |   542|15|4|  120|  107|2019-07-07T20:44:57.947GMT|172.31.11.178|PROCESS_LOCAL |   46|      16|    0|app-20190707204452-0037
TASKS|   4|count at MF.scala:68                 |   529|15|4|  120|  186|2019-07-07T20:44:57.904GMT|172.31.5.2|PROCESS_LOCAL |   22|      16|    0|app-20190707204452-0037
TASKS|   4|count at MF.scala:68                 |   490|15|4|  120|  109|2019-07-07T20:44:57.895GMT|172.31.0.141|PROCESS_LOCAL |   16|      16|    0|app-20190707204452-0037
TASKS|   4|count at MF.scala:68                 |   513|15|4|  120|   75|2019-07-07T20:44:57.900GMT|172.31.15.67|PROCESS_LOCAL |   15|      16|    0|app-20190707204452-0037
TASKS|   4|count at MF.scala:68                 |   522|15|4|  120|   70|2019-07-07T20:44:57.902GMT|172.31.0.105|PROCESS_LOCAL |   12|      16|    0|app-20190707204452-0037
TASKS|   4|count at MF.scala:68                 |   485|15|4|  120|   71|2019-07-07T20:44:57.894GMT|172.31.2.20|PROCESS_LOCAL |   10|      16|    0|app-20190707204452-0037
TASKS|   4|count at MF.scala:68                 |   505|15|4|  120|  103|2019-07-07T20:44:57.898GMT|172.31.0.141|PROCESS_LOCAL |    9|      16|    0|app-20190707204452-0037
TASKS|   4|count at MF.scala:68                 |   499|15|4|  120|  194|2019-07-07T20:44:57.897GMT|172.31.5.2|PROCESS_LOCAL |    9|      16|    0|app-20190707204452-0037
TASKS|   4|count at MF.scala:68                 |   598|15|4|  120|   29|2019-07-07T20:44:58.089GMT|172.31.5.2|PROCESS_LOCAL |    8|      16|    0|app-20190707204452-0037
TASKS|   4|count at MF.scala:68                 |   585|15|4|  120|   24|2019-07-07T20:44:58.043GMT|172.31.8.10|PROCESS_LOCAL |    8|      16|    0|app-20190707204452-0037
TASKS|   4|count at MF.scala:68                 |   502|15|4|  120|  144|2019-07-07T20:44:57.898GMT|172.31.8.10|PROCESS_LOCAL |    8|      16|    0|app-20190707204452-0037
TASKS|   4|count at MF.scala:68                 |   599|15|4|  120|   24|2019-07-07T20:44:58.093GMT|172.31.5.2|PROCESS_LOCAL |    7|      16|    0|app-20190707204452-0037
TASKS|   4|count at MF.scala:68                 |   491|15|4|  120|  153|2019-07-07T20:44:57.895GMT|172.31.6.192|PROCESS_LOCAL |    6|      16|    0|app-20190707204452-0037
TASKS|   4|count at MF.scala:68                 |   586|15|4|  120|   25|2019-07-07T20:44:58.044GMT|172.31.8.10|PROCESS_LOCAL |    5|      16|    0|app-20190707204452-0037
TASKS|   4|count at MF.scala:68                 |   532|15|4|  120|  140|2019-07-07T20:44:57.905GMT|172.31.8.10|PROCESS_LOCAL |    5|  518544| 2232|app-20190707204452-0037
TASKS|   4|count at MF.scala:68                 |   530|15|4|  120|   55|2019-07-07T20:44:57.904GMT|172.31.2.20|PROCESS_LOCAL |    5|  517768| 2244|app-20190707204452-0037
TASKS|   4|count at MF.scala:68                 |   516|15|4|  120|  130|2019-07-07T20:44:57.901GMT|172.31.4.160|PROCESS_LOCAL |    5|      16|    0|app-20190707204452-0037
TASKS|   4|count at MF.scala:68                 |   487|15|4|  120|  150|2019-07-07T20:44:57.894GMT|172.31.8.10|PROCESS_LOCAL |    5|      16|    0|app-20190707204452-0037
TASKS|   4|count at MF.scala:68                 |   525|15|4|  120|   42|2019-07-07T20:44:57.903GMT|172.31.11.83|PROCESS_LOCAL |    4|  518608| 2243|app-20190707204452-0037
TASKS|   4|count at MF.scala:68                 |   523|15|4|  120|  113|2019-07-07T20:44:57.903GMT|172.31.5.79|PROCESS_LOCAL |    4|      16|    0|app-20190707204452-0037
TASKS|   4|count at MF.scala:68                 |   508|15|4|  120|  117|2019-07-07T20:44:57.899GMT|172.31.5.79|PROCESS_LOCAL |    4|      16|    0|app-20190707204452-0037
TASKS|   4|count at MF.scala:68                 |   548|15|4|  120|   65|2019-07-07T20:44:57.965GMT|172.31.2.20|PROCESS_LOCAL |    3|      16|    0|app-20190707204452-0037
TASKS|   4|count at MF.scala:68                 |   536|15|4|  120|  142|2019-07-07T20:44:57.905GMT|172.31.6.192|PROCESS_LOCAL |    3|  518080| 2238|app-20190707204452-0037
TASKS|   4|count at MF.scala:68                 |   531|15|4|  120|  103|2019-07-07T20:44:57.904GMT|172.31.4.160|PROCESS_LOCAL |    3|      16|    0|app-20190707204452-0037
TASKS|   4|count at MF.scala:68                 |   526|15|4|  120|   58|2019-07-07T20:44:57.903GMT|172.31.11.178|PROCESS_LOCAL |    3|  518568| 2242|app-20190707204452-0037
TASKS|   3|aggregate at SpatialRDD.java:515     |   467|15|4|  120|   41|2019-07-07T20:44:57.780GMT|172.31.8.10|PROCESS_LOCAL |   16|      16|    0|app-20190707204452-0037
TASKS|   3|aggregate at SpatialRDD.java:515     |   446|15|4|  120|   59|2019-07-07T20:44:57.743GMT|172.31.5.79|PROCESS_LOCAL |   14|      16|    0|app-20190707204452-0037
TASKS|   3|aggregate at SpatialRDD.java:515     |   410|15|4|  120|  169|2019-07-07T20:44:57.631GMT|172.31.2.20|PROCESS_LOCAL |   14|  517768| 2244|app-20190707204452-0037
TASKS|   3|aggregate at SpatialRDD.java:515     |   427|15|4|  120|   53|2019-07-07T20:44:57.713GMT|172.31.11.124|PROCESS_LOCAL |   13|  517904| 2241|app-20190707204452-0037
TASKS|   3|aggregate at SpatialRDD.java:515     |   407|15|4|  120|  159|2019-07-07T20:44:57.630GMT|172.31.8.10|PROCESS_LOCAL |   13|  518544| 2232|app-20190707204452-0037
TASKS|   3|aggregate at SpatialRDD.java:515     |   405|15|4|  120|   75|2019-07-07T20:44:57.630GMT|172.31.15.67|PROCESS_LOCAL |   13|  259632| 1124|app-20190707204452-0037
TASKS|   3|aggregate at SpatialRDD.java:515     |   418|15|4|  120|  171|2019-07-07T20:44:57.634GMT|172.31.11.83|PROCESS_LOCAL |   12|  518608| 2243|app-20190707204452-0037
TASKS|   3|aggregate at SpatialRDD.java:515     |   408|15|4|  120|  109|2019-07-07T20:44:57.631GMT|172.31.11.178|PROCESS_LOCAL |   12|  518568| 2242|app-20190707204452-0037
TASKS|   3|aggregate at SpatialRDD.java:515     |   370|15|4|  120|  148|2019-07-07T20:44:57.620GMT|172.31.5.2|PROCESS_LOCAL |   11|      16|    0|app-20190707204452-0037
TASKS|   3|aggregate at SpatialRDD.java:515     |   365|15|4|  120|  178|2019-07-07T20:44:57.619GMT|172.31.2.20|PROCESS_LOCAL |   10|      16|    0|app-20190707204452-0037
TASKS|   3|aggregate at SpatialRDD.java:515     |   469|15|4|  120|   38|2019-07-07T20:44:57.783GMT|172.31.8.10|PROCESS_LOCAL |    9|      16|    0|app-20190707204452-0037
TASKS|   3|aggregate at SpatialRDD.java:515     |   457|15|4|  120|   49|2019-07-07T20:44:57.759GMT|172.31.0.105|PROCESS_LOCAL |    9|  519080| 2235|app-20190707204452-0037
TASKS|   3|aggregate at SpatialRDD.java:515     |   424|15|4|  120|   54|2019-07-07T20:44:57.709GMT|172.31.11.124|PROCESS_LOCAL |    9|  517888| 2242|app-20190707204452-0037
TASKS|   3|aggregate at SpatialRDD.java:515     |   385|15|4|  120|  119|2019-07-07T20:44:57.625GMT|172.31.5.2|PROCESS_LOCAL |    9|      16|    0|app-20190707204452-0037
TASKS|   3|aggregate at SpatialRDD.java:515     |   384|15|4|  120|  146|2019-07-07T20:44:57.624GMT|172.31.0.141|PROCESS_LOCAL |    9|      16|    0|app-20190707204452-0037
TASKS|   3|aggregate at SpatialRDD.java:515     |   449|15|4|  120|   55|2019-07-07T20:44:57.749GMT|172.31.5.79|PROCESS_LOCAL |    8|      16|    0|app-20190707204452-0037
TASKS|   3|aggregate at SpatialRDD.java:515     |   417|15|4|  120|   88|2019-07-07T20:44:57.633GMT|172.31.6.192|PROCESS_LOCAL |    8|  518080| 2238|app-20190707204452-0037
TASKS|   3|aggregate at SpatialRDD.java:515     |   389|15|4|  120|  164|2019-07-07T20:44:57.626GMT|172.31.13.231|PROCESS_LOCAL |    8|      16|    0|app-20190707204452-0037
TASKS|   3|aggregate at SpatialRDD.java:515     |   369|15|4|  120|  133|2019-07-07T20:44:57.620GMT|172.31.0.141|PROCESS_LOCAL |    8|      16|    0|app-20190707204452-0037
TASKS|   3|aggregate at SpatialRDD.java:515     |   362|15|4|  120|  165|2019-07-07T20:44:57.618GMT|172.31.8.10|PROCESS_LOCAL |    8|      16|    0|app-20190707204452-0037
TASKS|   3|aggregate at SpatialRDD.java:515     |   479|15|4|  120|   37|2019-07-07T20:44:57.801GMT|172.31.2.20|PROCESS_LOCAL |    7|      16|    0|app-20190707204452-0037
TASKS|   3|aggregate at SpatialRDD.java:515     |   412|15|4|  120|   83|2019-07-07T20:44:57.632GMT|172.31.11.124|PROCESS_LOCAL |    7|      16|    0|app-20190707204452-0037
TASKS|   3|aggregate at SpatialRDD.java:515     |   395|15|4|  120|  167|2019-07-07T20:44:57.627GMT|172.31.2.20|PROCESS_LOCAL |    7|      16|    0|app-20190707204452-0037
TASKS|   3|aggregate at SpatialRDD.java:515     |   474|15|4|  120|   44|2019-07-07T20:44:57.794GMT|172.31.2.20|PROCESS_LOCAL |    6|      16|    0|app-20190707204452-0037
TASKS|   3|aggregate at SpatialRDD.java:515     |   461|15|4|  120|   41|2019-07-07T20:44:57.768GMT|172.31.5.2|PROCESS_LOCAL |    6|      16|    0|app-20190707204452-0037
TASKS|   2|collect at SpatialRDD.java:248       |   270|15|4|  120|  179|2019-07-07T20:44:57.195GMT|172.31.11.124|PROCESS_LOCAL |   56|      16|    0|app-20190707204452-0037
TASKS|   2|collect at SpatialRDD.java:248       |   285|15|4|  120|  173|2019-07-07T20:44:57.199GMT|172.31.11.124|PROCESS_LOCAL |   46|      16|    0|app-20190707204452-0037
TASKS|   2|collect at SpatialRDD.java:248       |   240|15|4|  120|  186|2019-07-07T20:44:57.184GMT|172.31.11.124|PROCESS_LOCAL |   45|      16|    0|app-20190707204452-0037
TASKS|   2|collect at SpatialRDD.java:248       |   339|15|4|  120|   71|2019-07-07T20:44:57.335GMT|172.31.0.105|PROCESS_LOCAL |   26|  518368| 2233|app-20190707204452-0037
TASKS|   2|collect at SpatialRDD.java:248       |   337|15|4|  120|   74|2019-07-07T20:44:57.331GMT|172.31.0.105|PROCESS_LOCAL |   25|  519080| 2235|app-20190707204452-0037
TASKS|   2|collect at SpatialRDD.java:248       |   286|15|4|  120|  133|2019-07-07T20:44:57.201GMT|172.31.2.20|PROCESS_LOCAL |   20|  517768| 2244|app-20190707204452-0037
TASKS|   2|collect at SpatialRDD.java:248       |   294|15|4|  120|  196|2019-07-07T20:44:57.208GMT|172.31.11.83|PROCESS_LOCAL |   18|  518608| 2243|app-20190707204452-0037
TASKS|   2|collect at SpatialRDD.java:248       |   298|15|4|  120|  193|2019-07-07T20:44:57.210GMT|172.31.11.178|PROCESS_LOCAL |   17|  518568| 2242|app-20190707204452-0037
TASKS|   2|collect at SpatialRDD.java:248       |   292|15|4|  120|  186|2019-07-07T20:44:57.207GMT|172.31.8.10|PROCESS_LOCAL |   17|  518544| 2232|app-20190707204452-0037
TASKS|   2|collect at SpatialRDD.java:248       |   253|15|4|  120|  212|2019-07-07T20:44:57.189GMT|172.31.11.178|PROCESS_LOCAL |   16|      16|    0|app-20190707204452-0037
TASKS|   2|collect at SpatialRDD.java:248       |   252|15|4|  120|  120|2019-07-07T20:44:57.189GMT|172.31.5.2|PROCESS_LOCAL |   15|      16|    0|app-20190707204452-0037
TASKS|   2|collect at SpatialRDD.java:248       |   282|15|4|  120|  121|2019-07-07T20:44:57.198GMT|172.31.5.2|PROCESS_LOCAL |   13|      16|    0|app-20190707204452-0037
TASKS|   2|collect at SpatialRDD.java:248       |   268|15|4|  120|  205|2019-07-07T20:44:57.194GMT|172.31.11.178|PROCESS_LOCAL |   13|      16|    0|app-20190707204452-0037
TASKS|   2|collect at SpatialRDD.java:248       |   241|15|4|  120|  132|2019-07-07T20:44:57.185GMT|172.31.2.20|PROCESS_LOCAL |   13|      16|    0|app-20190707204452-0037
TASKS|   2|collect at SpatialRDD.java:248       |   256|15|4|  120|  126|2019-07-07T20:44:57.190GMT|172.31.2.20|PROCESS_LOCAL |   12|      16|    0|app-20190707204452-0037
TASKS|   2|collect at SpatialRDD.java:248       |   255|15|4|  120|  137|2019-07-07T20:44:57.190GMT|172.31.11.124|PROCESS_LOCAL |   12|      16|    0|app-20190707204452-0037
TASKS|   2|collect at SpatialRDD.java:248       |   250|15|4|  120|  124|2019-07-07T20:44:57.188GMT|172.31.4.160|PROCESS_LOCAL |   12|      16|    0|app-20190707204452-0037
TASKS|   2|collect at SpatialRDD.java:248       |   245|15|4|  120|  112|2019-07-07T20:44:57.187GMT|172.31.13.231|PROCESS_LOCAL |   12|      16|    0|app-20190707204452-0037
TASKS|   2|collect at SpatialRDD.java:248       |   271|15|4|  120|  128|2019-07-07T20:44:57.195GMT|172.31.2.20|PROCESS_LOCAL |   11|      16|    0|app-20190707204452-0037
TASKS|   2|collect at SpatialRDD.java:248       |   283|15|4|  120|  195|2019-07-07T20:44:57.199GMT|172.31.11.178|PROCESS_LOCAL |   10|      16|    0|app-20190707204452-0037
TASKS|   2|collect at SpatialRDD.java:248       |   267|15|4|  120|  126|2019-07-07T20:44:57.194GMT|172.31.5.2|PROCESS_LOCAL |   10|      16|    0|app-20190707204452-0037
TASKS|   2|collect at SpatialRDD.java:248       |   259|15|4|  120|  115|2019-07-07T20:44:57.191GMT|172.31.12.55|PROCESS_LOCAL |   10|      16|    0|app-20190707204452-0037
TASKS|   2|collect at SpatialRDD.java:248       |   297|15|4|  120|   83|2019-07-07T20:44:57.210GMT|172.31.5.2|PROCESS_LOCAL |    9|      16|    0|app-20190707204452-0037
TASKS|   2|collect at SpatialRDD.java:248       |   296|15|4|  120|  129|2019-07-07T20:44:57.210GMT|172.31.5.79|PROCESS_LOCAL |    9|      16|    0|app-20190707204452-0037
TASKS|   2|collect at SpatialRDD.java:248       |   293|15|4|  120|  106|2019-07-07T20:44:57.208GMT|172.31.6.192|PROCESS_LOCAL |    9|  518080| 2238|app-20190707204452-0037
TASKS|   1|count at MF.scala:399                |   151|15|4|  120|  141|2019-07-07T20:44:56.896GMT|172.31.8.10|PROCESS_LOCAL |   24|      16|    0|app-20190707204452-0037
TASKS|   1|count at MF.scala:399                |   176|15|4|  120|  159|2019-07-07T20:44:56.908GMT|172.31.6.192|PROCESS_LOCAL |   16|  518080| 2238|app-20190707204452-0037
TASKS|   1|count at MF.scala:399                |   121|15|4|  120|  135|2019-07-07T20:44:56.883GMT|172.31.8.10|PROCESS_LOCAL |   16|      16|    0|app-20190707204452-0037
TASKS|   1|count at MF.scala:399                |   215|15|4|  120|   66|2019-07-07T20:44:57.042GMT|172.31.11.124|PROCESS_LOCAL |   14|  517888| 2242|app-20190707204452-0037
TASKS|   1|count at MF.scala:399                |   194|15|4|  120|   97|2019-07-07T20:44:56.979GMT|172.31.0.105|PROCESS_LOCAL |   13|  519080| 2235|app-20190707204452-0037
TASKS|   1|count at MF.scala:399                |   122|15|4|  120|   76|2019-07-07T20:44:56.884GMT|172.31.5.2|PROCESS_LOCAL |   10|      16|    0|app-20190707204452-0037
TASKS|   1|count at MF.scala:399                |   163|15|4|  120|  148|2019-07-07T20:44:56.902GMT|172.31.11.124|PROCESS_LOCAL |    9|      16|    0|app-20190707204452-0037
TASKS|   1|count at MF.scala:399                |   142|15|4|  120|  192|2019-07-07T20:44:56.893GMT|172.31.5.79|PROCESS_LOCAL |    9|      16|    0|app-20190707204452-0037
TASKS|   1|count at MF.scala:399                |   136|15|4|  120|  115|2019-07-07T20:44:56.890GMT|172.31.8.10|PROCESS_LOCAL |    9|      16|    0|app-20190707204452-0037
TASKS|   1|count at MF.scala:399                |   133|15|4|  120|  162|2019-07-07T20:44:56.889GMT|172.31.11.124|PROCESS_LOCAL |    9|      16|    0|app-20190707204452-0037
TASKS|   1|count at MF.scala:399                |   195|15|4|  120|   89|2019-07-07T20:44:56.981GMT|172.31.0.105|PROCESS_LOCAL |    7|  518400| 2239|app-20190707204452-0037
TASKS|   1|count at MF.scala:399                |   162|15|4|  120|  155|2019-07-07T20:44:56.902GMT|172.31.12.55|PROCESS_LOCAL |    7|      16|    0|app-20190707204452-0037
TASKS|   1|count at MF.scala:399                |   147|15|4|  120|  160|2019-07-07T20:44:56.895GMT|172.31.12.55|PROCESS_LOCAL |    7|      16|    0|app-20190707204452-0037
TASKS|   1|count at MF.scala:399                |   135|15|4|  120|  104|2019-07-07T20:44:56.889GMT|172.31.11.83|PROCESS_LOCAL |    7|      16|    0|app-20190707204452-0037
TASKS|   1|count at MF.scala:399                |   124|15|4|  120|   81|2019-07-07T20:44:56.884GMT|172.31.13.231|PROCESS_LOCAL |    7|      16|    0|app-20190707204452-0037
TASKS|   1|count at MF.scala:399                |   177|15|4|  120|  153|2019-07-07T20:44:56.909GMT|172.31.12.55|PROCESS_LOCAL |    6|      16|    0|app-20190707204452-0037
TASKS|   1|count at MF.scala:399                |   156|15|4|  120|   81|2019-07-07T20:44:56.899GMT|172.31.0.105|PROCESS_LOCAL |    6|      16|    0|app-20190707204452-0037
TASKS|   1|count at MF.scala:399                |   132|15|4|  120|  171|2019-07-07T20:44:56.888GMT|172.31.12.55|PROCESS_LOCAL |    6|      16|    0|app-20190707204452-0037
TASKS|   1|count at MF.scala:399                |   192|15|4|  120|  109|2019-07-07T20:44:56.968GMT|172.31.0.105|PROCESS_LOCAL |    5|  518688| 2238|app-20190707204452-0037
TASKS|   1|count at MF.scala:399                |   174|15|4|  120|  126|2019-07-07T20:44:56.907GMT|172.31.2.20|PROCESS_LOCAL |    5|  517768| 2244|app-20190707204452-0037
TASKS|   1|count at MF.scala:399                |   172|15|4|  120|  174|2019-07-07T20:44:56.906GMT|172.31.5.79|PROCESS_LOCAL |    5|      16|    0|app-20190707204452-0037
TASKS|   1|count at MF.scala:399                |   154|15|4|  120|   84|2019-07-07T20:44:56.898GMT|172.31.13.231|PROCESS_LOCAL |    5|      16|    0|app-20190707204452-0037
TASKS|   1|count at MF.scala:399                |   226|15|4|  120|   53|2019-07-07T20:44:57.061GMT|172.31.0.141|PROCESS_LOCAL |    4|      16|    0|app-20190707204452-0037
TASKS|   1|count at MF.scala:399                |   216|15|4|  120|   58|2019-07-07T20:44:57.045GMT|172.31.11.124|PROCESS_LOCAL |    4|  517904| 2241|app-20190707204452-0037
TASKS|   1|count at MF.scala:399                |   197|15|4|  120|   89|2019-07-07T20:44:56.985GMT|172.31.0.105|PROCESS_LOCAL |    4|  518368| 2233|app-20190707204452-0037
TASKS|   0|aggregate at SpatialRDD.java:515     |    55|15|4|  120| 1405|2019-07-07T20:44:55.389GMT|172.31.8.10|PROCESS_LOCAL |  588|  196608| 2232|app-20190707204452-0037
TASKS|   0|aggregate at SpatialRDD.java:515     |    58|15|4|  120| 1403|2019-07-07T20:44:55.391GMT|172.31.2.20|PROCESS_LOCAL |  576|  196608| 2244|app-20190707204452-0037
TASKS|   0|aggregate at SpatialRDD.java:515     |    54|15|4|  120| 1395|2019-07-07T20:44:55.388GMT|172.31.15.67|PROCESS_LOCAL |  568|  196608| 2228|app-20190707204452-0037
TASKS|   0|aggregate at SpatialRDD.java:515     |    56|15|4|  120| 1395|2019-07-07T20:44:55.389GMT|172.31.6.192|PROCESS_LOCAL |  558|  196608| 2238|app-20190707204452-0037
TASKS|   0|aggregate at SpatialRDD.java:515     |    57|15|4|  120| 1387|2019-07-07T20:44:55.390GMT|172.31.11.83|PROCESS_LOCAL |  541|  196608| 2243|app-20190707204452-0037
TASKS|   0|aggregate at SpatialRDD.java:515     |    59|15|4|  120| 1392|2019-07-07T20:44:55.391GMT|172.31.11.178|PROCESS_LOCAL |  540|  196608| 2242|app-20190707204452-0037
TASKS|   0|aggregate at SpatialRDD.java:515     |    37|15|4|  120| 1347|2019-07-07T20:44:55.377GMT|172.31.0.141|PROCESS_LOCAL |  495|  196608| 2249|app-20190707204452-0037
TASKS|   0|aggregate at SpatialRDD.java:515     |    52|15|4|  120| 1340|2019-07-07T20:44:55.387GMT|172.31.0.141|PROCESS_LOCAL |  494|  196608| 2239|app-20190707204452-0037
TASKS|   0|aggregate at SpatialRDD.java:515     |     7|15|4|  120| 1366|2019-07-07T20:44:55.357GMT|172.31.0.141|PROCESS_LOCAL |  490|  196608| 2265|app-20190707204452-0037
TASKS|   0|aggregate at SpatialRDD.java:515     |    22|15|4|  120| 1352|2019-07-07T20:44:55.367GMT|172.31.0.141|PROCESS_LOCAL |  480|  196608| 2250|app-20190707204452-0037
TASKS|   0|aggregate at SpatialRDD.java:515     |    30|15|4|  120| 1124|2019-07-07T20:44:55.372GMT|172.31.5.79|PROCESS_LOCAL |  456|  196608| 2246|app-20190707204452-0037
TASKS|   0|aggregate at SpatialRDD.java:515     |    53|15|4|  120| 1323|2019-07-07T20:44:55.388GMT|172.31.4.160|PROCESS_LOCAL |  455|  196608| 2241|app-20190707204452-0037
TASKS|   0|aggregate at SpatialRDD.java:515     |    36|15|4|  120| 1112|2019-07-07T20:44:55.377GMT|172.31.12.55|PROCESS_LOCAL |  450|  196608| 2250|app-20190707204452-0037
TASKS|   0|aggregate at SpatialRDD.java:515     |     0|15|4|  120| 1176|2019-07-07T20:44:55.335GMT|172.31.5.79|PROCESS_LOCAL |  450|  196608| 2265|app-20190707204452-0037
TASKS|   0|aggregate at SpatialRDD.java:515     |    51|15|4|  120| 1097|2019-07-07T20:44:55.386GMT|172.31.12.55|PROCESS_LOCAL |  449|  196608| 2241|app-20190707204452-0037
TASKS|   0|aggregate at SpatialRDD.java:515     |    45|15|4|  120| 1116|2019-07-07T20:44:55.383GMT|172.31.5.79|PROCESS_LOCAL |  449|  196608| 2245|app-20190707204452-0037
TASKS|   0|aggregate at SpatialRDD.java:515     |    15|15|4|  120| 1139|2019-07-07T20:44:55.362GMT|172.31.5.79|PROCESS_LOCAL |  448|  196608| 2253|app-20190707204452-0037
TASKS|   0|aggregate at SpatialRDD.java:515     |     8|15|4|  120| 1157|2019-07-07T20:44:55.358GMT|172.31.4.160|PROCESS_LOCAL |  448|  196608| 2265|app-20190707204452-0037
TASKS|   0|aggregate at SpatialRDD.java:515     |    23|15|4|  120| 1151|2019-07-07T20:44:55.367GMT|172.31.4.160|PROCESS_LOCAL |  447|  196608| 2252|app-20190707204452-0037
TASKS|   0|aggregate at SpatialRDD.java:515     |    13|15|4|  120| 1144|2019-07-07T20:44:55.361GMT|172.31.2.20|PROCESS_LOCAL |  447|  196608| 2257|app-20190707204452-0037
TASKS|   0|aggregate at SpatialRDD.java:515     |    38|15|4|  120| 1334|2019-07-07T20:44:55.378GMT|172.31.4.160|PROCESS_LOCAL |  446|  196608| 2249|app-20190707204452-0037
TASKS|   0|aggregate at SpatialRDD.java:515     |    21|15|4|  120| 1112|2019-07-07T20:44:55.366GMT|172.31.12.55|PROCESS_LOCAL |  445|  196608| 2252|app-20190707204452-0037
TASKS|   0|aggregate at SpatialRDD.java:515     |    28|15|4|  120| 1122|2019-07-07T20:44:55.371GMT|172.31.2.20|PROCESS_LOCAL |  444|  196608| 2252|app-20190707204452-0037
TASKS|   0|aggregate at SpatialRDD.java:515     |     6|15|4|  120| 1128|2019-07-07T20:44:55.357GMT|172.31.12.55|PROCESS_LOCAL |  444|  196608| 2268|app-20190707204452-0037
TASKS|   0|aggregate at SpatialRDD.java:515     |    43|15|4|  120| 1110|2019-07-07T20:44:55.381GMT|172.31.2.20|PROCESS_LOCAL |  442|  196608| 2234|app-20190707204452-0037
